week_start,midmar_storage_pct,midmar_volume_mm3,albert_falls_storage_pct,albert_falls_volume_mm3,nagle_storage_pct,nagle_volume_mm3,inanda_storage_pct,inanda_volume_mm3,spring_grove_storage_pct,spring_grove_volume_mm3,n_dams_observed,combined_volume_mm3,combined_storage_pct,weekly_rainfall_mm,t2m_c,t2m_max_c,t2m_min_c,rh2m_pct,evptrns_mj,n_weather_days,chirps_weekly_mm,storage_lag_1w,storage_lag_4w,storage_lag_8w,storage_lag_12w,storage_change_1w,storage_change_4w,storage_change_8w,storage_change_12w,rain_4w,rain_8w,rain_12w,month,season,rain_month_climatology_pastonly_mm,rain_anomaly_mm,consecutive_dry_weeks,future_storage_pct,future_low_storage,low_storage_threshold_pct,horizon_weeks,threshold_definition,feature_as_of_week_start,leakage_note
2014-03-10,100.66473622008505,236.9849220093242,100.44053651164192,286.898348491854,90.18625287149229,20.959285167334805,100.96477974953703,239.69038712540092,75.05159428629732,104.47181924652587,5,889.0047620404398,96.53651450107937,21.426666666666666,18.359999999999996,24.894761904761904,13.034285714285716,80.54238095238095,43.49,7,11.392292817433674,,,,,,,,,,,,3,autumn,,,0.0,96.96482623793914,0.0,70.0,4,academic_proxy_uuw_2017_recovery_not_gazetted_trigger,2014-03-10,Features use only observations dated on or before week_start. Target is combined storage four weeks later. Rain climatology is past-only.
2014-03-17,100.62060644742274,236.8810316985226,101.74564767573698,290.6262680209751,101.41436196567722,23.568697720823383,102.1286292716862,242.45336589098304,77.15836763663306,107.40444775019321,5,900.9338110814973,97.83188305804075,25.903333333333336,19.851904761904763,26.842857142857145,14.709999999999999,78.02095238095238,43.41,7,5.386054356892903,96.53651450107937,,,,1.2953685569613782,,,,,,,3,autumn,21.426666666666666,4.47666666666667,0.0,96.7144727566813,0.0,70.0,4,academic_proxy_uuw_2017_recovery_not_gazetted_trigger,2014-03-17,Features use only observations dated on or before week_start. Target is combined storage four weeks later. Rain climatology is past-only.
2014-03-24,100.61983005709945,236.8792039204235,101.64494346040955,290.33861650031383,101.1239458808162,23.501205022701683,101.80466871675289,241.68428353357137,78.42718173497322,109.17063697508272,5,901.5739459520931,97.9013949345307,21.65,19.164761904761907,25.565714285714286,14.182380952380951,76.35095238095239,32.25333333333333,7,44.89978392918904,97.83188305804075,,,,0.06951187648995472,,,,,,,3,autumn,23.665,-2.0150000000000006,0.0,96.37728122157253,0.0,70.0,4,academic_proxy_uuw_2017_recovery_not_gazetted_trigger,2014-03-24,Features use only observations dated on or before week_start. Target is combined storage four weeks later. Rain climatology is past-only.
2014-03-31,100.18190669536637,235.84824474223146,100.50325138485778,287.07748725570775,100.33585198864915,23.318052002162062,101.22283658935562,240.30301406313026,79.17471857607005,110.2112082578895,5,896.758006321121,97.3784348269216,1.2466666666666666,17.717619047619046,25.285238095238096,12.18047619047619,68.36,24.61,7,2.8054789702097573,97.9013949345307,,,,-0.5229601076090944,,,,70.22666666666667,,,3,autumn,22.99333333333333,-21.746666666666663,1.0,95.78102753710053,0.0,70.0,4,academic_proxy_uuw_2017_recovery_not_gazetted_trigger,2014-03-31,Features use only observations dated on or before week_start. Target is combined storage four weeks later. Rain climatology is past-only.
2014-04-07,99.77669858559089,234.89430381019807,99.98566856714092,285.5990636951813,98.19612855276789,22.820780275663257,100.7070522739046,239.07854209824953,79.42269751859861,110.55639494588927,5,892.9490848251814,96.96482623793914,0.38666666666666666,17.52714285714286,25.589523809523808,11.76095238095238,67.3404761904762,15.463333333333333,7,0.46660757064819336,97.3784348269216,96.53651450107937,,,-0.4136085889824699,0.42831173685976864,,,49.186666666666675,,,4,autumn,,,2.0,95.40164904062729,0.0,70.0,4,academic_proxy_uuw_2017_recovery_not_gazetted_trigger,2014-04-07,Features use only observations dated on or before week_start. Target is combined storage four weeks later. Rain climatology is past-only.
2014-04-14,99.37398333687824,233.9462315716787,99.85634689654097,285.2296692752796,91.8509977028062,21.346171866132156,100.7070522739046,239.07854209824953,79.7722448311337,111.04296480493811,5,890.6435796162782,96.7144727566813,14.106666666666667,16.341428571428573,23.39761904761905,11.325238095238095,71.56333333333333,11.116666666666667,7,15.1676687002182,96.96482623793914,97.83188305804075,,,-0.2503534812578323,-1.1174103013594419,,,37.39,,,4,autumn,0.38666666666666666,13.72,0.0,,,70.0,4,academic_proxy_uuw_2017_recovery_not_gazetted_trigger,2014-04-14,Features use only observations dated on or before week_start. Target is combined storage four weeks later. Rain climatology is past-only.
2014-04-21,98.86546540870708,232.74907866517822,99.68125301774964,284.72953111990006,85.53146254673213,19.877511895860547,100.64267186815061,238.92570301498955,79.92568827121633,111.25655807353313,5,887.5383827694615,96.37728122157253,9.416666666666666,15.77761904761905,23.06047619047619,10.469999999999999,68.85095238095239,10.56,7,9.453638076782227,96.7144727566813,97.9013949345307,,,-0.3371915351087722,-1.5241137129581688,,,25.156666666666666,,,4,autumn,7.246666666666667,2.169999999999999,0.0,,,70.0,4,academic_proxy_uuw_2017_recovery_not_gazetted_trigger,2014-04-21,Features use only observations dated on or before week_start. Target is combined storage four weeks later. Rain climatology is past-only.
2014-04-28,97.92113470367778,230.52593531939823,99.42470097767134,283.99671587262037,76.90348283861087,17.872369411693168,100.51397281242737,238.6201714567026,79.76457652927039,111.03229052874435,5,882.0474825891588,95.78102753710053,0.7566666666666667,16.482857142857142,26.107142857142858,9.737142857142857,56.80238095238095,10.103333333333333,7,0.0,96.37728122157253,97.3784348269216,,,-0.5962536844720034,-1.5974072898210778,,,24.666666666666668,94.89333333333333,,4,autumn,7.97,-7.213333333333333,1.0,,,70.0,4,academic_proxy_uuw_2017_recovery_not_gazetted_trigger,2014-04-28,Features use only observations dated on or before week_start. Target is combined storage four weeks later. Rain climatology is past-only.
2014-05-05,97.2101370723864,228.85210469581205,99.26426472430876,283.53844575851554,72.64988063600737,16.883832259808113,100.38535609775077,238.31483537606033,79.71592523343442,110.9645679249407,5,878.5537860151367,95.40164904062729,6.586666666666666,14.78952380952381,21.82952380952381,9.717142857142857,71.04,4.556666666666667,7,1.3933112621307373,95.78102753710053,96.96482623793914,96.53651450107937,,-0.37937849647323674,-1.5631771973118447,-1.134865460452076,,30.866666666666667,80.05333333333334,,5,autumn,,,0.0,,,70.0,4,academic_proxy_uuw_2017_recovery_not_gazetted_trigger,2014-05-05,Features use only observations dated on or before week_start. Target is combined storage four weeks later. Rain climatology is past-only.
2014-05-12,96.13996020710701,226.33269431957132,,,76.0231846538444,17.66778811355344,99.9358460321239,237.24769848026216,,,3,,,1.5333333333333332,13.12904761904762,20.514285714285712,8.268095238095238,70.87857142857142,4.24,7,3.2706654866536455,95.40164904062729,96.7144727566813,97.83188305804075,,,,,,18.29333333333333,55.68333333333334,,5,autumn,6.586666666666666,-5.053333333333333,1.0,,,70.0,4,academic_proxy_uuw_2017_recovery_not_gazetted_trigger,2014-05-12,Features use only observations dated on or before week_start. Target is combined storage four weeks later. Rain climatology is past-only.
2014-05-19,95.18756045395521,224.09055482070136,,,78.24530426557361,18.184208711319307,99.6794360132359,236.63898109542203,,,3,,,0.8966666666666668,15.64857142857143,24.400952380952383,9.624761904761906,58.64333333333333,4.94,7,8.409578323364258,,96.37728122157253,97.9013949345307,,,,,,9.773333333333333,34.92999999999999,,5,autumn,4.06,-3.1633333333333327,2.0,,,70.0,4,academic_proxy_uuw_2017_recovery_not_gazetted_trigger,2014-05-19,Features use only observations dated on or before week_start. Target is combined storage four weeks later. Rain climatology is past-only.
2014-05-26,94.55260605124016,222.59574516582958,,,82.82221521553085,19.24788281608937,98.97600674537851,234.96904001352863,,,3,,,0.02666666666666667,16.84714285714286,26.65380952380952,10.733809523809525,53.87238095238096,3.8733333333333335,7,6.670887470245361,,95.78102753710053,97.3784348269216,,,,,,9.043333333333333,33.71,103.93666666666667,5,autumn,3.005555555555555,-2.9788888888888883,3.0,,,70.0,4,academic_proxy_uuw_2017_recovery_not_gazetted_trigger,2014-05-26,Features use only observations dated on or before week_start. Target is combined storage four weeks later. Rain climatology is past-only.
2014-06-02,,,,,86.96501283725958,20.210668983379122,98.46598630318448,233.75825148375995,,,2,,,1.8633333333333328,12.526666666666667,21.471904761904764,6.1414285714285715,53.2652380952381,2.1766666666666667,7,0.4088684320449829,,95.40164904062729,96.96482623793914,96.53651450107937,,,,,4.319999999999999,35.18666666666666,84.37333333333333,6,winter,,,4.0,,,70.0,4,academic_proxy_uuw_2017_recovery_not_gazetted_trigger,2014-06-02,Features use only observations dated on or before week_start. Target is combined storage four weeks later. Rain climatology is past-only.
2014-06-09,,,,,90.03971994504752,20.925230915229044,97.5132489317021,231.4964529638608,,,2,,,0.0,11.931904761904761,21.729999999999997,5.574761904761905,41.23285714285714,2.15,7,1.6529769897460938,,,96.7144727566813,97.83188305804075,,,,,2.786666666666666,21.080000000000002,58.47,6,winter,1.8633333333333328,-1.8633333333333328,5.0,,,70.0,4,academic_proxy_uuw_2017_recovery_not_gazetted_trigger,2014-06-09,Features use only observations dated on or before week_start. Target is combined storage four weeks later. Rain climatology is past-only.
2014-06-16,,,,,86.83988333858835,20.18158888788793,96.88066384175121,229.9946959603174,,,2,,,0.0,11.597619047619048,20.71142857142857,5.300952380952381,51.93142857142857,1.56,7,0.0,,,96.37728122157253,97.9013949345307,,,,,1.8899999999999995,11.663333333333332,36.81999999999999,6,winter,0.9316666666666664,-0.9316666666666664,6.0,,,70.0,4,academic_proxy_uuw_2017_recovery_not_gazetted_trigger,2014-06-16,Features use only observations dated on or before week_start. Target is combined storage four weeks later. Rain climatology is past-only.
2014-06-23,,,,,84.2144958560425,19.571448836944278,96.12427898834555,228.19903831833236,,,2,,,4.166666666666666,13.555714285714286,22.552380952380954,7.796666666666667,55.71523809523809,1.4166666666666667,7,2.107007106145223,,,95.78102753710053,97.3784348269216,,,,,6.029999999999999,15.073333333333332,39.739999999999995,6,winter,0.621111111111111,3.545555555555555,7.0,,,70.0,4,academic_proxy_uuw_2017_recovery_not_gazetted_trigger,2014-06-23,Features use only observations dated on or before week_start. Target is combined storage four weeks later. Rain climatology is past-only.
2014-06-30,,,,,81.9085739381109,19.035552583216973,95.49622265595369,226.70803258523406,,,2,,,3.183333333333333,14.312857142857142,22.85238095238095,8.719047619047618,47.422380952380955,1.37,7,0.0,,,95.40164904062729,96.96482623793914,,,,,7.35,11.669999999999998,42.53666666666666,6,winter,1.5074999999999998,1.6758333333333333,8.0,,,70.0,4,academic_proxy_uuw_2017_recovery_not_gazetted_trigger,2014-06-30,Features use only observations dated on or before week_start. Target is combined storage four weeks later. Rain climatology is past-only.
2014-07-07,,,,,78.8222207333003,18.31828409841899,94.80773828804112,225.07357069580962,,,2,,,0.9333333333333335,7.745238095238095,15.894285714285713,2.105714285714286,56.832857142857144,0.6666666666666667,7,0.0,,,,96.7144727566813,,,,,8.283333333333333,11.07,29.363333333333333,7,winter,,,9.0,,,70.0,4,academic_proxy_uuw_2017_recovery_not_gazetted_trigger,2014-07-07,Features use only observations dated on or before week_start. Target is combined storage four weeks later. Rain climatology is past-only.
2014-07-14,,,,,78.18594883113373,18.170414508355478,94.24628556965953,223.74068194237174,,,2,,,0.0,12.361904761904762,21.82095238095238,5.501904761904762,49.645714285714284,0.8333333333333334,7,5.4043080012003575,,,,96.37728122157253,,,,,8.283333333333333,10.173333333333332,19.946666666666665,7,winter,0.9333333333333335,-0.9333333333333335,10.0,,,70.0,4,academic_proxy_uuw_2017_recovery_not_gazetted_trigger,2014-07-14,Features use only observations dated on or before week_start. Target is combined storage four weeks later. Rain climatology is past-only.
2014-07-21,,,,,81.62334230440071,18.969264751542724,93.74861628444468,222.55921505927165,,,2,,,0.32666666666666666,13.079047619047618,22.38714285714286,6.7057142857142855,48.01571428571429,0.7066666666666667,7,3.305769443511963,,,,95.78102753710053,,,,,4.443333333333333,10.473333333333333,19.516666666666662,7,winter,0.46666666666666673,-0.14000000000000007,11.0,,,70.0,4,academic_proxy_uuw_2017_recovery_not_gazetted_trigger,2014-07-21,Features use only observations dated on or before week_start. Target is combined storage four weeks later. Rain climatology is past-only.
2014-07-28,,,,,85.30196038466734,19.82417559339669,93.25226445597424,221.38087581848285,,,2,,,0.12666666666666668,14.550952380952381,23.66,8.242380952380952,46.642857142857146,0.5933333333333334,7,0.0,,,,95.40164904062729,,,,,1.3866666666666667,8.736666666666666,13.056666666666665,7,winter,0.4200000000000001,-0.29333333333333345,12.0,,,70.0,4,academic_proxy_uuw_2017_recovery_not_gazetted_trigger,2014-07-28,Features use only observations dated on or before week_start. Target is combined storage four weeks later. Rain climatology is past-only.
2014-08-04,,,,,88.58094331336429,20.586211226025856,92.63367734393307,219.91235001449715,,,2,,,2.9266666666666667,15.595238095238097,24.177142857142858,9.852857142857143,60.15095238095238,0.37333333333333335,7,0.0,,,,,,,,,3.38,11.663333333333332,14.45,8,winter,,,13.0,,,70.0,4,academic_proxy_uuw_2017_recovery_not_gazetted_trigger,2014-08-04,Features use only observations dated on or before week_start. Target is combined storage four weeks later. Rain climatology is past-only.
2014-08-11,,,,,90.03971994504752,20.925230915229044,91.95560911840631,218.3026160470966,,,2,,,9.506666666666666,15.196666666666667,22.521428571428572,10.215714285714284,68.67857142857143,0.51,7,0.0,,,,,,,,,12.886666666666667,21.169999999999998,23.059999999999995,8,winter,2.9266666666666667,6.579999999999999,0.0,,,70.0,4,academic_proxy_uuw_2017_recovery_not_gazetted_trigger,2014-08-11,Features use only observations dated on or before week_start. Target is combined storage four weeks later. Rain climatology is past-only.
2014-08-18,,,,,87.35975958290167,20.302408127066347,91.70965641242738,217.7187243231026,,,2,,,1.9066666666666667,15.208095238095238,23.78952380952381,8.813809523809523,54.5452380952381,0.7433333333333334,7,15.114126046498617,,,,,,,,,14.466666666666665,18.909999999999997,24.939999999999998,8,winter,6.216666666666667,-4.3100000000000005,1.0,,,70.0,4,academic_proxy_uuw_2017_recovery_not_gazetted_trigger,2014-08-18,Features use only observations dated on or before week_start. Target is combined storage four weeks later. Rain climatology is past-only.
2014-08-25,,,,,84.47953920994549,19.63304491239133,,,,,1,,,2.9066666666666663,12.777619047619046,22.00190476190476,5.859047619047618,46.83761904761905,0.42000000000000004,7,1.7219685713450115,,,,,,,,,17.246666666666666,18.633333333333333,25.98333333333333,8,winter,4.78,-1.873333333333334,2.0,,,70.0,4,academic_proxy_uuw_2017_recovery_not_gazetted_trigger,2014-08-25,Features use only observations dated on or before week_start. Target is combined storage four weeks later. Rain climatology is past-only.
2014-09-01,,,,,82.37694349353632,19.14440166789784,90.44862269034935,214.72503026688938,,,2,,,0.20666666666666667,15.91095238095238,26.437619047619048,8.116190476190477,42.618571428571435,0.35333333333333333,7,4.728468418121338,,,,,,,,,14.526666666666666,17.906666666666666,26.189999999999998,9,spring,,,3.0,,,70.0,4,academic_proxy_uuw_2017_recovery_not_gazetted_trigger,2014-09-01,Features use only observations dated on or before week_start. Target is combined storage four weeks later. Rain climatology is past-only.
2014-09-08,,,,,82.41349590108554,19.152896447412278,89.69686127049536,212.94034865615598,,,2,,,2.1633333333333336,19.815714285714282,30.492857142857144,12.381904761904762,48.901428571428575,0.15333333333333335,7,2.5460591316223145,,,,,,,,,7.183333333333332,20.069999999999997,28.353333333333328,9,spring,0.20666666666666667,1.956666666666667,4.0,,,70.0,4,academic_proxy_uuw_2017_recovery_not_gazetted_trigger,2014-09-08,Features use only observations dated on or before week_start. Target is combined storage four weeks later. Rain climatology is past-only.
2014-09-15,,,,,81.96932570604928,19.04967129408585,89.04655035617165,211.3965105455515,,,2,,,3.2199999999999998,19.08047619047619,28.889999999999997,12.153333333333334,55.99095238095238,0.09333333333333334,7,1.4480609496434529,,,,,,,,,8.496666666666664,22.963333333333335,27.406666666666666,9,spring,1.185,2.0349999999999997,5.0,,,70.0,4,academic_proxy_uuw_2017_recovery_not_gazetted_trigger,2014-09-15,Features use only observations dated on or before week_start. Target is combined storage four weeks later. Rain climatology is past-only.
2014-09-22,,,,,81.7689303409756,19.00309941124273,88.15369451210563,209.27687077173874,,,2,,,17.39,18.980476190476192,28.08904761904762,11.926666666666666,59.1752380952381,0.060000000000000005,7,7.729553858439128,,,,,,,,,22.979999999999997,40.22666666666667,41.61333333333333,9,spring,1.8633333333333333,15.526666666666667,0.0,,,70.0,4,academic_proxy_uuw_2017_recovery_not_gazetted_trigger,2014-09-22,Features use only observations dated on or before week_start. Target is combined storage four weeks later. Rain climatology is past-only.
2014-09-29,,,,,82.43786867708661,19.158560680554928,87.62869940464334,208.03053238662332,,,2,,,36.446666666666665,14.106666666666667,21.66857142857143,9.171428571428573,73.31190476190476,8.066666666666666,7,9.154305140177408,,,,,,,,,59.22,73.74666666666667,77.12666666666667,9,spring,5.745,30.701666666666664,0.0,,,70.0,4,academic_proxy_uuw_2017_recovery_not_gazetted_trigger,2014-09-29,Features use only observations dated on or before week_start. Target is combined storage four weeks later. Rain climatology is past-only.
2014-10-06,,,,,82.45615062384579,19.16280940498176,87.03831414924898,206.6289577903171,,,2,,,19.536666666666665,17.994285714285713,27.19333333333333,11.27761904761905,67.8547619047619,7.833333333333333,7,37.78836313883463,,,,,,,,,76.59333333333332,83.77666666666667,96.66333333333334,10,spring,,,0.0,,,70.0,4,academic_proxy_uuw_2017_recovery_not_gazetted_trigger,2014-10-06,Features use only observations dated on or before week_start. Target is combined storage four weeks later. Rain climatology is past-only.
2014-10-13,,,,,83.90682953470565,19.49994718386559,87.10287689227445,206.78222974225955,,,2,,,33.623333333333335,14.108571428571427,21.019523809523808,9.441428571428572,76.31666666666668,7.890000000000001,7,10.102876981099447,,,,,,,,,106.99666666666666,115.49333333333334,129.96,10,spring,19.536666666666665,14.08666666666667,0.0,,,70.0,4,academic_proxy_uuw_2017_recovery_not_gazetted_trigger,2014-10-13,Features use only observations dated on or before week_start. Target is combined storage four weeks later. Rain climatology is past-only.
2014-10-20,,,,,84.23297373992162,19.575743097157783,87.09838566422053,206.77156756685955,,,2,,,23.75333333333333,15.917142857142858,22.844285714285714,11.291904761904762,79.26238095238095,8.406666666666666,7,0.0,,,,,,,,,113.35999999999999,136.34,153.58666666666667,10,spring,26.58,-2.826666666666668,0.0,,,70.0,4,academic_proxy_uuw_2017_recovery_not_gazetted_trigger,2014-10-20,Features use only observations dated on or before week_start. Target is combined storage four weeks later. Rain climatology is past-only.
2014-10-27,,,,,83.86380118012701,19.489947394261517,87.08017242638284,206.72832934023288,,,2,,,24.186666666666667,18.931904761904764,26.580000000000002,13.265238095238095,73.89380952380952,15.516666666666666,7,22.111853877703346,,,,,,,,,101.1,160.32,174.84666666666666,10,spring,25.637777777777774,-1.451111111111107,0.0,,,70.0,4,academic_proxy_uuw_2017_recovery_not_gazetted_trigger,2014-10-27,Features use only observations dated on or before week_start. Target is combined storage four weeks later. Rain climatology is past-only.
2014-11-03,,,,,80.93960857619028,18.81036503310662,,,,,1,,,28.30333333333333,18.37142857142857,26.627619047619046,12.353809523809522,73.7147619047619,21.826666666666668,7,3.507167299588521,,,,,,,,,109.86666666666665,186.46,193.64333333333335,11,spring,,,0.0,,,70.0,4,academic_proxy_uuw_2017_recovery_not_gazetted_trigger,2014-11-03,Features use only observations dated on or before week_start. Target is combined storage four weeks later. Rain climatology is past-only.
2014-11-10,,,,,78.7209585153822,18.29475075897482,,,,,1,,,23.94,17.967142857142857,25.38095238095238,12.084761904761905,72.8295238095238,22.406666666666666,7,33.15780778725942,,,,,,,,,100.18333333333331,207.18,215.67666666666668,11,spring,28.30333333333333,-4.36333333333333,0.0,,,70.0,4,academic_proxy_uuw_2017_recovery_not_gazetted_trigger,2014-11-10,Features use only observations dated on or before week_start. Target is combined storage four weeks later. Rain climatology is past-only.
2014-11-17,,,,,78.66142290887798,18.28091468402324,,,,,1,,,11.206666666666667,17.19238095238095,25.686666666666667,11.116666666666665,71.81238095238095,11.33,7,17.220115820566814,,,,,,,,,87.63666666666666,200.99666666666667,223.97666666666666,11,spring,26.121666666666666,-14.915,0.0,,,70.0,4,academic_proxy_uuw_2017_recovery_not_gazetted_trigger,2014-11-17,Features use only observations dated on or before week_start. Target is combined storage four weeks later. Rain climatology is past-only.
2014-11-24,,,,,80.93960857619028,18.81036503310662,,,,,1,,,36.68666666666667,18.017142857142858,25.276190476190475,13.236666666666666,77.53571428571429,16.116666666666667,7,24.823823769887287,,,,,,,,,100.13666666666666,201.23666666666668,260.45666666666665,11,spring,21.150000000000002,15.536666666666665,0.0,,,70.0,4,academic_proxy_uuw_2017_recovery_not_gazetted_trigger,2014-11-24,Features use only observations dated on or before week_start. Target is combined storage four weeks later. Rain climatology is past-only.
2014-12-01,,,,,81.3628214945273,18.908719715328143,,,,,1,,,12.593333333333332,18.89666666666667,27.305714285714288,12.523809523809524,69.44047619047619,19.703333333333333,7,7.07112161318461,,,,,,,,,84.42666666666666,194.29333333333332,270.8866666666667,12,summer,,,0.0,78.33020222552476,0.0,70.0,4,academic_proxy_uuw_2017_recovery_not_gazetted_trigger,2014-12-01,Features use only observations dated on or before week_start. Target is combined storage four weeks later. Rain climatology is past-only.
2014-12-08,,,,,81.48394216476736,18.936868159091933,,,,,1,,,31.286666666666665,20.363333333333333,27.755714285714284,14.588571428571429,76.16095238095238,23.43,7,57.185466607411705,,,,,,,,,91.77333333333331,191.95666666666665,298.9533333333333,12,summer,12.593333333333332,18.693333333333335,0.0,79.38628382767381,0.0,70.0,4,academic_proxy_uuw_2017_recovery_not_gazetted_trigger,2014-12-08,Features use only observations dated on or before week_start. Target is combined storage four weeks later. Rain climatology is past-only.
2014-12-15,,,,,80.93960857619028,18.81036503310662,,,,,1,,,37.443333333333335,19.725238095238094,26.309523809523807,14.594761904761905,78.83238095238094,30.42,7,0.0,,,,,,,,,118.00999999999999,205.64666666666668,319.00666666666666,12,summer,21.939999999999998,15.503333333333337,0.0,79.18832109656576,0.0,70.0,4,academic_proxy_uuw_2017_recovery_not_gazetted_trigger,2014-12-15,Features use only observations dated on or before week_start. Target is combined storage four weeks later. Rain climatology is past-only.
2014-12-22,,,,,81.3628214945273,18.908719715328143,,,,,1,,,34.61666666666666,21.7,29.58190476190476,15.912380952380953,74.86285714285714,23.993333333333332,7,10.493156989415485,,,,,,,,,115.93999999999998,216.07666666666665,317.1766666666667,12,summer,27.107777777777773,7.508888888888887,0.0,78.48770868834035,0.0,70.0,4,academic_proxy_uuw_2017_recovery_not_gazetted_trigger,2014-12-22,Features use only observations dated on or before week_start. Target is combined storage four weeks later. Rain climatology is past-only.
2014-12-29,71.22515154050596,167.6782517566591,71.46378182874639,204.12914641563117,82.45615062384579,19.16280940498176,87.64011199205738,208.05762586914423,87.86997043709867,122.31499884844133,5,721.3428322948575,78.33020222552476,44.64666666666667,20.445238095238096,27.156666666666666,15.796666666666667,80.44761904761904,32.46,7,41.48240828514099,,,,,,,,,147.9933333333333,232.42,342.28666666666663,12,summer,28.984999999999996,15.661666666666672,0.0,79.43976051142798,0.0,70.0,4,academic_proxy_uuw_2017_recovery_not_gazetted_trigger,2014-12-29,Features use only observations dated on or before week_start. Target is combined storage four weeks later. Rain climatology is past-only.
2015-01-05,72.87690226155725,171.56680330415807,71.20684788127937,203.3952402880864,84.72646502409799,19.690430471600372,88.7784731283597,210.76009520672596,90.26991271442327,125.65571849847719,5,731.068287769048,79.38628382767381,31.11,21.756666666666668,28.37857142857143,16.779523809523813,79.9195238095238,39.663333333333334,7,7.789661645889282,78.33020222552476,,,,1.0560816021490496,,,,147.81666666666666,239.58999999999997,339.7733333333333,1,summer,,,0.0,81.33193103419686,0.0,70.0,4,academic_proxy_uuw_2017_recovery_not_gazetted_trigger,2015-01-05,Features use only observations dated on or before week_start. Target is combined storage four weeks later. Rain climatology is past-only.
2015-01-12,72.66297881385815,171.06318472358487,70.26845711597392,200.71482090606787,83.9867686140264,19.518525025899734,88.91556201395267,211.08554422112363,91.13733771666516,126.86317410159789,5,729.245248978274,79.18832109656576,13.726666666666667,20.712380952380954,28.36285714285714,13.995714285714286,70.12571428571428,29.14,7,8.433797200520834,79.38628382767381,,,,-0.19796273110804918,,,,124.1,242.11,329.74666666666667,1,summer,31.11,-17.383333333333333,0.0,81.7573856461501,0.0,70.0,4,academic_proxy_uuw_2017_recovery_not_gazetted_trigger,2015-01-12,Features use only observations dated on or before week_start. Target is combined storage four weeks later. Rain climatology is past-only.
2015-01-19,72.2935372585779,170.19344541414407,69.24110812160787,197.7803012385607,82.57808206837531,19.19114627269042,87.69898871814442,208.19739921687489,91.54527095449443,127.43101716865624,5,722.7933093109262,78.48770868834035,11.18,21.127142857142854,29.039523809523807,14.93952380952381,71.89047619047619,15.74,7,4.476114571094513,79.18832109656576,,,,-0.7006124082254104,,,,100.66333333333333,216.60333333333335,316.74,1,summer,22.418333333333333,-11.238333333333333,0.0,81.80523011507555,0.0,70.0,4,academic_proxy_uuw_2017_recovery_not_gazetted_trigger,2015-01-19,Features use only observations dated on or before week_start. Target is combined storage four weeks later. Rain climatology is past-only.
2015-01-26,73.36181043299622,172.7083741213597,69.35265273924806,198.09891728438816,84.97375118237916,19.747899774784916,88.78391434719657,210.7730126602447,93.55786688862266,130.23255070896272,5,731.5607545497403,79.43976051142798,93.26,19.871904761904762,25.57190476190476,15.56047619047619,82.91380952380952,31.176666666666666,7,44.35062464078268,78.48770868834035,78.33020222552476,,,0.9520518230876291,1.1095582859032191,,,149.27666666666664,297.27,381.69666666666666,1,summer,18.67222222222222,74.58777777777779,0.0,81.88074663297056,0.0,70.0,4,academic_proxy_uuw_2017_recovery_not_gazetted_trigger,2015-01-26,Features use only observations dated on or before week_start. Target is combined storage four weeks later. Rain climatology is past-only.
2015-02-02,74.9454045319524,176.43647134912231,70.32685956790124,200.88164166975307,94.83361109859915,22.03933121931444,91.28003170953703,216.6987952784409,95.49534006989082,132.929513377288,5,748.9857528939189,81.33193103419686,28.643333333333334,19.062857142857144,25.954285714285714,13.687142857142858,80.21238095238095,56.22666666666667,7,22.136969884236656,79.43976051142798,79.38628382767381,,,1.892170522768879,1.9456472065230486,,,146.81,294.62666666666667,386.4,2,summer,,,0.0,,,70.0,4,academic_proxy_uuw_2017_recovery_not_gazetted_trigger,2015-02-02,Features use only observations dated on or before week_start. Target is combined storage four weeks later. Rain climatology is past-only.
2015-02-09,75.24712033833141,177.1467707004998,70.69579342649963,201.93546434345353,90.76078780235126,21.09280708526643,92.32515573522373,219.17991971542114,95.94023173186449,133.54880257075536,5,752.9037644153963,81.7573856461501,15.306666666666667,21.787619047619046,28.923333333333336,16.25809523809524,75.80238095238096,39.75666666666667,7,10.22988510131836,81.33193103419686,79.18832109656576,,,0.4254546119532421,2.56906454958434,,,148.39,272.49,390.5,2,summer,28.643333333333334,-13.336666666666668,0.0,,,70.0,4,academic_proxy_uuw_2017_recovery_not_gazetted_trigger,2015-02-09,Features use only observations dated on or before week_start. Target is combined storage four weeks later. Rain climatology is past-only.
2015-02-16,74.94339438256921,176.4317390554444,71.27864906806677,203.6003331980259,80.21666816810055,18.642353682266567,92.94271358418327,220.64600204885107,96.28156332265999,134.0239361451427,5,753.3443641297307,81.80523011507555,23.88,19.165238095238095,27.203809523809525,12.937619047619048,71.87714285714286,22.713333333333335,7,18.629658699035645,81.7573856461501,78.48770868834035,,,0.04784446892544736,3.3175214267351976,,,161.08999999999997,261.75333333333333,377.6933333333333,2,summer,21.975,1.9049999999999976,0.0,,,70.0,4,academic_proxy_uuw_2017_recovery_not_gazetted_trigger,2015-02-16,Features use only observations dated on or before week_start. Target is combined storage four weeks later. Rain climatology is past-only.
2015-02-23,74.7709570220768,176.0257870213732,71.88734942030352,205.33902488415495,73.05086482590873,16.977020985541188,93.43824200218843,221.82238651319534,96.17498300198362,133.8755763387612,5,754.0397957430259,81.88074663297056,65.30666666666666,19.67095238095238,26.106190476190477,14.838095238095237,81.60238095238095,30.816666666666666,7,43.5587739944458,81.80523011507555,79.43976051142798,78.33020222552476,,0.07551651789501079,2.440986121542579,3.5505444074457984,,133.13666666666666,282.4133333333333,430.4066666666667,2,summer,22.61,42.69666666666666,0.0,,,70.0,4,academic_proxy_uuw_2017_recovery_not_gazetted_trigger,2015-02-23,Features use only observations dated on or before week_start. Target is combined storage four weeks later. Rain climatology is past-only.
2015-03-02,,,,,73.87344815548848,17.16818935133552,94.24628556965953,223.74068194237174,,,2,,,14.420000000000002,18.191904761904762,24.356190476190477,13.41047619047619,79.11095238095238,43.27,7,18.058064778645832,81.88074663297056,81.33193103419686,79.38628382767381,,,,,,118.91333333333331,265.7233333333333,413.54,3,autumn,17.556666666666665,-3.136666666666663,0.0,,,70.0,4,academic_proxy_uuw_2017_recovery_not_gazetted_trigger,2015-03-02,Features use only observations dated on or before week_start. Target is combined storage four weeks later. Rain climatology is past-only.
2015-03-09,,,,,73.28049412188639,17.030386833926396,96.31309730066495,228.64729299177858,,,2,,,22.703333333333333,20.981428571428573,27.604285714285712,16.22857142857143,76.59380952380953,37.32,7,26.18047857284546,,81.7573856461501,79.18832109656576,,,,,,126.30999999999997,274.7,398.8,3,autumn,16.929333333333332,5.774000000000001,0.0,,,70.0,4,academic_proxy_uuw_2017_recovery_not_gazetted_trigger,2015-03-09,Features use only observations dated on or before week_start. Target is combined storage four weeks later. Rain climatology is past-only.
2015-03-16,,,,,77.59363316967703,18.03276034863294,96.12427898834555,228.19903831833236,,,2,,,33.11333333333333,19.71142857142857,26.587142857142858,15.012857142857143,80.16095238095238,33.593333333333334,7,48.85732205708821,,81.80523011507555,78.48770868834035,,,,,,135.5433333333333,296.6333333333333,397.2966666666667,3,autumn,17.891666666666666,15.221666666666664,0.0,,,70.0,4,academic_proxy_uuw_2017_recovery_not_gazetted_trigger,2015-03-16,Features use only observations dated on or before week_start. Target is combined storage four weeks later. Rain climatology is past-only.
2015-03-23,,,,,84.29458132516551,19.590060699968465,95.68442341042412,227.15482117634684,,,2,,,9.83,19.275714285714287,25.607619047619046,15.05952380952381,79.34476190476191,25.746666666666666,7,16.877505838871002,,81.88074663297056,79.43976051142798,78.33020222552476,,,,,80.06666666666665,213.20333333333332,362.48,3,autumn,20.066190476190474,-10.236190476190474,0.0,,,70.0,4,academic_proxy_uuw_2017_recovery_not_gazetted_trigger,2015-03-23,Features use only observations dated on or before week_start. Target is combined storage four weeks later. Rain climatology is past-only.
2015-03-30,,,,,89.69615433989459,20.8453862685915,95.68442341042412,227.15482117634684,,,2,,,21.516666666666666,18.634285714285713,25.052380952380954,13.902857142857142,80.54333333333332,15.76,7,25.362696250279743,,,81.33193103419686,79.38628382767381,,,,,87.16333333333331,206.07666666666665,352.88666666666666,3,autumn,18.786666666666665,2.7300000000000004,0.0,,,70.0,4,academic_proxy_uuw_2017_recovery_not_gazetted_trigger,2015-03-30,Features use only observations dated on or before week_start. Target is combined storage four weeks later. Rain climatology is past-only.
2015-04-06,,,,,93.16136311427414,21.65070078775731,96.06138072142902,228.0497178326725,,,2,,,8.680000000000001,15.855238095238095,22.223333333333333,11.405714285714286,78.28333333333333,18.626666666666665,7,4.1929629643758135,,,81.7573856461501,79.18832109656576,,,,,73.13999999999999,199.45,347.84,4,autumn,6.166666666666667,2.5133333333333345,0.0,,,70.0,4,academic_proxy_uuw_2017_recovery_not_gazetted_trigger,2015-04-06,Features use only observations dated on or before week_start. Target is combined storage four weeks later. Rain climatology is past-only.
2015-04-13,,,,,87.90635556956893,20.42943703436782,96.2501372779635,228.49782589788538,,,2,,,3.8833333333333333,14.389047619047618,21.487142857142857,8.985714285714286,73.29809523809523,11.9,7,0.0,,,81.80523011507555,78.48770868834035,,,,,43.90999999999998,179.45333333333335,340.5433333333333,4,autumn,6.669333333333334,-2.786000000000001,1.0,,,70.0,4,academic_proxy_uuw_2017_recovery_not_gazetted_trigger,2015-04-13,Features use only observations dated on or before week_start. Target is combined storage four weeks later. Rain climatology is past-only.
2015-04-20,,,,,82.19430307193367,19.101956033917386,96.12427898834555,228.19903831833236,,,2,,,4.093333333333333,16.78047619047619,24.473333333333333,11.49952380952381,72.29904761904763,9.989999999999998,7,8.636033693949383,,,81.88074663297056,79.43976051142798,,,,,38.17333333333332,118.24,251.37666666666667,4,autumn,6.205000000000001,-2.111666666666668,2.0,,,70.0,4,academic_proxy_uuw_2017_recovery_not_gazetted_trigger,2015-04-20,Features use only observations dated on or before week_start. Target is combined storage four weeks later. Rain climatology is past-only.
2015-04-27,,,,,78.3819072339084,18.21595524116031,95.87280943224923,227.60204959215966,,,2,,,4.6499999999999995,15.845714285714285,24.052857142857142,10.225238095238096,68.70809523809524,7.92,7,0.0,,,,81.33193103419686,,,,,21.306666666666654,108.47,227.38333333333333,4,autumn,5.903333333333334,-1.2533333333333347,3.0,,,70.0,4,academic_proxy_uuw_2017_recovery_not_gazetted_trigger,2015-04-27,Features use only observations dated on or before week_start. Target is combined storage four weeks later. Rain climatology is past-only.
2015-05-04,,,,,77.33962985901535,17.973729979235166,95.49622265595369,226.70803258523406,,,2,,,0.3633333333333334,15.564285714285713,24.031904761904762,9.381428571428572,63.300476190476196,4.866666666666667,7,0.0,,,,81.7573856461501,,,,,12.989999999999986,86.13,212.44,5,autumn,2.2608333333333333,-1.8975,4.0,,,70.0,4,academic_proxy_uuw_2017_recovery_not_gazetted_trigger,2015-05-04,Features use only observations dated on or before week_start. Target is combined storage four weeks later. Rain climatology is past-only.
2015-05-11,,,,,76.31605434439889,17.7358510296383,95.1203769490769,225.81577487710857,,,2,,,3.55,15.413809523809523,23.281904761904762,10.366666666666665,68.50857142857143,2.7666666666666666,7,14.744748274485271,,,,81.80523011507555,,,,,12.656666666666652,56.56666666666666,192.11,5,autumn,1.8813333333333333,1.6686666666666665,5.0,,,70.0,4,academic_proxy_uuw_2017_recovery_not_gazetted_trigger,2015-05-11,Features use only observations dated on or before week_start. Target is combined storage four weeks later. Rain climatology is past-only.
2015-05-18,,,,,77.19804164226835,17.940824877663164,94.80773828804112,225.07357069580962,,,2,,,0.3333333333333333,17.495714285714286,26.52285714285714,11.658095238095239,56.02095238095239,2.8933333333333335,7,0.14005518953005472,,,,81.88074663297056,,,,,8.896666666666652,47.07,127.13666666666667,5,autumn,2.1594444444444445,-1.8261111111111112,6.0,,,70.0,4,academic_proxy_uuw_2017_recovery_not_gazetted_trigger,2015-05-18,Features use only observations dated on or before week_start. Target is combined storage four weeks later. Rain climatology is past-only.
2015-05-25,,,,,78.85797587946489,18.32659359438764,94.49561425854615,224.33258824978856,,,2,,,0.1866666666666667,17.063333333333333,26.35238095238095,11.104761904761904,54.83571428571428,1.6700000000000002,7,0.0,,,,,,,,,4.433333333333319,25.740000000000002,112.90333333333334,5,autumn,1.8985714285714288,-1.711904761904762,7.0,,,70.0,4,academic_proxy_uuw_2017_recovery_not_gazetted_trigger,2015-05-25,Features use only observations dated on or before week_start. Target is combined storage four weeks later. Rain climatology is past-only.
2015-06-01,,,,,81.3022949416693,18.894653344443945,94.24628556965953,223.74068194237174,,,2,,,1.1133333333333333,12.673333333333334,19.830000000000002,7.549047619047619,65.32714285714286,0.7333333333333334,7,1.2265684604644775,,,,,,,,,5.183333333333319,18.173333333333336,91.31333333333335,6,winter,1.8426666666666667,-0.7293333333333334,8.0,,,70.0,4,academic_proxy_uuw_2017_recovery_not_gazetted_trigger,2015-06-01,Features use only observations dated on or before week_start. Target is combined storage four weeks later. Rain climatology is past-only.
2015-06-08,,,,,82.82221521553085,19.24788281608937,93.93508787693803,223.00189861985086,,,2,,,0.06666666666666667,12.587142857142856,21.356666666666666,6.775714285714286,54.42285714285714,0.7366666666666667,7,2.714896043141683,,,,,,,,,1.6999999999999857,14.356666666666666,58.26666666666668,6,winter,1.721111111111111,-1.6544444444444444,9.0,,,70.0,4,academic_proxy_uuw_2017_recovery_not_gazetted_trigger,2015-06-08,Features use only observations dated on or before week_start. Target is combined storage four weeks later. Rain climatology is past-only.
2015-06-15,,,,,85.88971801008245,19.96077046554316,93.68650025747014,222.41175161123414,,,2,,,0.1,12.575714285714286,21.186666666666667,7.078095238095238,52.59666666666666,0.53,7,0.0,,,,,,,,,1.4666666666666526,10.363333333333333,48.53666666666668,6,winter,1.4847619047619047,-1.3847619047619046,10.0,,,70.0,4,academic_proxy_uuw_2017_recovery_not_gazetted_trigger,2015-06-15,Features use only observations dated on or before week_start. Target is combined storage four weeks later. Rain climatology is past-only.
2015-06-22,,,,,88.79415167534995,20.63576084935133,93.43824200218843,221.82238651319534,,,2,,,0.39666666666666667,12.682857142857143,21.060952380952383,6.975238095238096,54.77285714285715,0.4,7,4.600812117258708,,,,,,,,,1.6766666666666525,6.109999999999999,27.416666666666682,6,winter,1.3116666666666665,-0.9149999999999998,11.0,,,70.0,4,academic_proxy_uuw_2017_recovery_not_gazetted_trigger,2015-06-22,Features use only observations dated on or before week_start. Target is combined storage four weeks later. Rain climatology is past-only.
2015-06-29,,,,,88.80189899498552,20.637561326434632,93.00458258801821,220.7928790639552,,,2,,,0.21999999999999997,12.823809523809526,21.01095238095238,7.341904761904762,58.4347619047619,0.33333333333333337,7,7.049734115600586,,,,,,,,,0.7833333333333191,5.966666666666667,18.956666666666678,6,winter,1.21,-0.99,12.0,,,70.0,4,academic_proxy_uuw_2017_recovery_not_gazetted_trigger,2015-06-29,Features use only observations dated on or before week_start. Target is combined storage four weeks later. Rain climatology is past-only.
2015-07-06,,,,,84.01752454844376,19.52567270505833,92.63367734393307,219.91235001449715,,,2,,,14.1,13.842857142857143,21.31047619047619,9.310952380952381,71.49095238095238,2.013333333333333,7,0.0,,,,,,,,,14.816666666666652,16.516666666666666,29.173333333333346,7,winter,0.34666666666666673,13.753333333333332,0.0,,,70.0,4,academic_proxy_uuw_2017_recovery_not_gazetted_trigger,2015-07-06,Features use only observations dated on or before week_start. Target is combined storage four weeks later. Rain climatology is past-only.
2015-07-13,,,,,80.34294862844015,18.671701261249492,92.32515573522373,219.17991971542114,,,2,,,1.4333333333333333,12.194761904761906,20.31047619047619,6.448095238095239,65.96428571428571,1.3966666666666667,7,3.6017795403798423,,,,,,,,,16.149999999999984,17.616666666666667,26.513333333333346,7,winter,3.0973333333333333,-1.664,1.0,,,70.0,4,academic_proxy_uuw_2017_recovery_not_gazetted_trigger,2015-07-13,Features use only observations dated on or before week_start. Target is combined storage four weeks later. Rain climatology is past-only.
2015-07-20,,,,,78.0435876762308,18.137329775956037,91.83259159489359,218.01057244627737,,,2,,,55.99333333333333,11.16047619047619,16.403333333333332,7.686190476190476,81.33190476190475,2.08,7,5.873391787211101,,,,,,,,,71.74666666666666,73.42333333333333,77.85666666666668,7,winter,2.82,53.17333333333333,0.0,,,70.0,4,academic_proxy_uuw_2017_recovery_not_gazetted_trigger,2015-07-20,Features use only observations dated on or before week_start. Target is combined storage four weeks later. Rain climatology is past-only.
2015-07-27,,,,,76.12855288050089,17.692275689428406,92.07870898296558,218.5948551255603,,,2,,,0.09666666666666668,10.403333333333334,19.687142857142856,3.82047619047619,54.029999999999994,9.940000000000001,7,1.2336060206095378,,,,,,,,,71.62333333333332,72.40666666666667,77.59000000000002,7,winter,10.416190476190476,-10.319523809523808,1.0,,,70.0,4,academic_proxy_uuw_2017_recovery_not_gazetted_trigger,2015-07-27,Features use only observations dated on or before week_start. Target is combined storage four weeks later. Rain climatology is past-only.
2015-08-03,,,,,73.83307463627766,17.158806545470927,91.64821969908671,217.57287356563185,,,2,,,0.27666666666666667,13.924285714285714,24.300952380952378,6.966666666666667,44.50714285714286,5.87,7,1.9329078197479248,,,,,,,,,57.79999999999998,72.61666666666666,74.31666666666668,8,winter,4.3116666666666665,-4.035,2.0,,,70.0,4,academic_proxy_uuw_2017_recovery_not_gazetted_trigger,2015-08-03,Features use only observations dated on or before week_start. Target is combined storage four weeks later. Rain climatology is past-only.
2015-08-10,,,,,71.74317384352055,16.673113601234174,91.09621561579418,216.2624158718954,,,2,,,0.9433333333333334,13.846190476190475,22.281904761904762,7.801904761904761,60.782380952380954,2.0833333333333335,7,2.562174081802368,,,,,,,,,57.30999999999999,73.46,74.92666666666668,8,winter,3.5046666666666666,-2.5613333333333332,3.0,,,70.0,4,academic_proxy_uuw_2017_recovery_not_gazetted_trigger,2015-08-10,Features use only observations dated on or before week_start. Target is combined storage four weeks later. Rain climatology is past-only.
2015-08-17,,,,,70.98345220935995,16.49655429345525,90.42380833721622,214.6661209925513,,,2,,,1.69,15.92238095238095,24.415238095238095,10.53190476190476,72.51238095238095,1.1766666666666667,7,4.174254417419434,,,,,,,,,3.0066666666666526,74.75333333333333,76.43,8,winter,3.077777777777778,-1.387777777777778,4.0,,,70.0,4,academic_proxy_uuw_2017_recovery_not_gazetted_trigger,2015-08-17,Features use only observations dated on or before week_start. Target is combined storage four weeks later. Rain climatology is past-only.
2015-08-24,,,,,71.57273557497409,16.633503747623976,89.20763107999855,211.77891618391655,,,2,,,0.6566666666666666,20.02857142857143,29.354761904761904,13.602380952380953,61.059047619047625,1.3666666666666667,7,5.383106867472331,,,,,,,,,3.566666666666652,75.19,75.97333333333334,8,winter,2.87952380952381,-2.2228571428571433,5.0,,,70.0,4,academic_proxy_uuw_2017_recovery_not_gazetted_trigger,2015-08-24,Features use only observations dated on or before week_start. Target is combined storage four weeks later. Rain climatology is past-only.
2015-08-31,,,,,69.64966668168101,16.186582536822666,88.66303769089356,210.48605147818134,,,2,,,4.1899999999999995,14.530000000000001,22.12142857142857,9.650476190476192,70.3295238095238,0.58,7,1.2755064964294434,,,,,,,,,7.479999999999984,65.28,80.09666666666668,8,winter,2.6016666666666666,1.588333333333333,6.0,,,70.0,4,academic_proxy_uuw_2017_recovery_not_gazetted_trigger,2015-08-31,Features use only observations dated on or before week_start. Target is combined storage four weeks later. Rain climatology is past-only.
2015-09-07,,,,,71.62384577271293,16.645381757578484,88.0598895250764,209.05417773253137,,,2,,,12.626666666666665,14.418571428571429,22.464285714285715,9.333809523809524,70.94428571428571,0.89,7,0.0,,,,,,,,,19.163333333333316,76.47333333333333,92.62333333333333,9,spring,11.885333333333332,0.7413333333333334,0.0,,,70.0,4,academic_proxy_uuw_2017_recovery_not_gazetted_trigger,2015-09-07,Features use only observations dated on or before week_start. Target is combined storage four weeks later. Rain climatology is past-only.
2015-09-14,,,,,76.53314039908112,17.786301828746453,87.69898871814442,208.19739921687489,,,2,,,22.503333333333334,14.881904761904762,22.070476190476192,9.432857142857143,73.6295238095238,3.09,7,22.915529131889343,,,,,,,,,39.976666666666645,42.983333333333334,114.73,9,spring,12.008888888888889,10.494444444444445,0.0,,,70.0,4,academic_proxy_uuw_2017_recovery_not_gazetted_trigger,2015-09-14,Features use only observations dated on or before week_start. Target is combined storage four weeks later. Rain climatology is past-only.
2015-09-21,,,,,81.9085739381109,19.035552583216973,87.398804140396,207.4847610293001,,,2,,,1.1266666666666667,21.37761904761905,31.12047619047619,13.93047619047619,59.8647619047619,7.3966666666666665,7,8.939770619074503,,,,,,,,,40.44666666666665,44.013333333333335,115.63666666666667,9,spring,13.508095238095237,-12.38142857142857,1.0,,,70.0,4,academic_proxy_uuw_2017_recovery_not_gazetted_trigger,2015-09-21,Features use only observations dated on or before week_start. Target is combined storage four weeks later. Rain climatology is past-only.
2015-09-28,,,,,83.9867686140264,19.518525025899734,87.03926196073178,206.63120789477725,,,2,,,7.12,19.835238095238093,30.08142857142857,12.213809523809525,59.312380952380956,2.3266666666666667,7,9.825518250465393,,,,,,,,,43.37666666666665,50.85666666666666,108.65666666666667,9,spring,11.960416666666667,-4.840416666666667,0.0,,,70.0,4,academic_proxy_uuw_2017_recovery_not_gazetted_trigger,2015-09-28,Features use only observations dated on or before week_start. Target is combined storage four weeks later. Rain climatology is past-only.
2015-10-05,,,,,82.57808206837531,19.19114627269042,86.7402095723731,205.92125752481374,,,2,,,2.0966666666666667,21.152380952380952,32.14952380952381,14.036190476190475,57.881428571428565,1.2533333333333334,7,0.0,,,,,,,,,32.84666666666665,52.00999999999999,109.32000000000001,10,spring,25.275,-23.17833333333333,1.0,,,70.0,4,academic_proxy_uuw_2017_recovery_not_gazetted_trigger,2015-10-05,Features use only observations dated on or before week_start. Target is combined storage four weeks later. Rain climatology is past-only.
2015-10-12,,,,,79.67659114454305,18.516839781991806,86.02458353699879,204.22236131683513,,,2,,,11.793333333333333,20.196666666666665,30.765714285714285,12.244761904761905,62.70809523809523,1.31,7,18.72507667541504,,,,,,,,,22.136666666666653,62.11333333333333,65.12,10,spring,20.639333333333333,-8.846,0.0,,,70.0,4,academic_proxy_uuw_2017_recovery_not_gazetted_trigger,2015-10-12,Features use only observations dated on or before week_start. Target is combined storage four weeks later. Rain climatology is past-only.
2015-10-19,,,,,75.42164767352823,17.52799091932796,85.78670025357954,203.65762640199785,,,2,,,5.216666666666667,20.494761904761905,29.191904761904762,14.213333333333335,62.980952380952374,1.22,7,6.307437896728516,,,,,,,,,26.226666666666652,66.67333333333333,70.24000000000001,10,spring,19.165,-13.948333333333332,0.0,,,70.0,4,academic_proxy_uuw_2017_recovery_not_gazetted_trigger,2015-10-19,Features use only observations dated on or before week_start. Target is combined storage four weeks later. Rain climatology is past-only.
2015-10-26,,,,,71.05697941534164,16.5136420161254,85.31192177929945,202.5305023040569,,,2,,,8.353333333333332,19.441904761904762,28.536190476190477,12.867619047619048,68.45714285714286,1.0466666666666666,7,0.605756014585495,,,,,,,,,27.459999999999987,70.83666666666666,78.31666666666668,10,spring,17.17238095238095,-8.81904761904762,0.0,,,70.0,4,academic_proxy_uuw_2017_recovery_not_gazetted_trigger,2015-10-26,Features use only observations dated on or before week_start. Target is combined storage four weeks later. Rain climatology is past-only.
2015-11-02,,,,,66.32954596639792,15.414986482590873,84.54321664680705,200.70559631951994,,,2,,,4.0633333333333335,18.80666666666667,28.37047619047619,10.927619047619048,48.81142857142857,0.5666666666666667,7,6.8890910148620605,,,,,,,,,29.42666666666665,62.27333333333333,81.43666666666668,11,spring,25.034166666666668,-20.970833333333335,1.0,,,70.0,4,academic_proxy_uuw_2017_recovery_not_gazetted_trigger,2015-11-02,Features use only observations dated on or before week_start. Target is combined storage four weeks later. Rain climatology is past-only.
2015-11-09,,,,,63.41075852439078,14.736660281068417,83.60189380289961,198.4708958880837,,,2,,,25.12333333333333,19.14666666666667,29.08761904761905,13.913333333333332,75.50571428571428,1.1666666666666665,7,13.091806093851726,,,,,,,,,42.756666666666646,64.89333333333333,104.87000000000002,11,spring,20.84,4.283333333333331,0.0,,,70.0,4,academic_proxy_uuw_2017_recovery_not_gazetted_trigger,2015-11-09,Features use only observations dated on or before week_start. Target is combined storage four weeks later. Rain climatology is past-only.
2015-11-16,,,,,63.005238052339976,14.642417323363809,83.19172217225149,197.49714843692504,,,2,,,25.76,18.084285714285716,27.64428571428571,11.054285714285715,65.29238095238095,9.706666666666667,7,15.887875000635782,,,,,,,,,63.29999999999998,89.52666666666667,129.97333333333336,11,spring,21.55388888888889,4.206111111111113,0.0,,,70.0,4,academic_proxy_uuw_2017_recovery_not_gazetted_trigger,2015-11-16,Features use only observations dated on or before week_start. Target is combined storage four weeks later. Rain climatology is past-only.
2015-11-23,,,,,65.24085626773568,15.16197499662177,82.72418971006586,196.38722637169633,,,2,,,5.966666666666667,18.17,26.376190476190477,11.302857142857144,69.76095238095238,5.866666666666667,7,19.542826970418293,,,,,,,,,60.91333333333332,88.37333333333332,131.75,11,spring,22.1547619047619,-16.188095238095237,0.0,,,70.0,4,academic_proxy_uuw_2017_recovery_not_gazetted_trigger,2015-11-23,Features use only observations dated on or before week_start. Target is combined storage four weeks later. Rain climatology is past-only.
2015-11-30,,,,,67.70307643799828,15.734194964190799,81.73505759601815,194.0390267329471,,,2,,,37.89,22.35095238095238,30.295238095238094,16.47047619047619,71.9247619047619,6.343333333333334,7,9.978724002838135,,,,,,,,,94.73999999999998,124.16666666666666,157.01333333333335,11,spring,20.131249999999998,17.758750000000003,0.0,,,70.0,4,academic_proxy_uuw_2017_recovery_not_gazetted_trigger,2015-11-30,Features use only observations dated on or before week_start. Target is combined storage four weeks later. Rain climatology is past-only.
2015-12-07,,,,,71.96504661952166,16.724676834376833,81.44526857539387,193.35106759798506,,,2,,,46.336666666666666,22.66,30.592857142857138,17.11952380952381,77.15476190476191,26.913333333333334,7,60.82769322395325,,,,,,,,,115.95333333333332,158.71,180.8466666666667,12,summer,32.11733333333333,14.219333333333338,0.0,57.49561008857431,1.0,70.0,4,academic_proxy_uuw_2017_recovery_not_gazetted_trigger,2015-12-07,Features use only observations dated on or before week_start. Target is combined storage four weeks later. Rain climatology is past-only.
2015-12-14,,,,,77.35733750731949,17.977845236701047,81.67705862137004,193.90133716713248,,,2,,,27.516666666666666,20.793809523809525,29.49238095238095,14.426666666666666,71.65904761904763,33.086666666666666,7,11.025434335072834,,,,,,,,,117.71,181.01,207.23666666666668,12,summer,34.48722222222222,-6.970555555555556,0.0,56.9149778686515,1.0,70.0,4,academic_proxy_uuw_2017_recovery_not_gazetted_trigger,2015-12-14,Features use only observations dated on or before week_start. Target is combined storage four weeks later. Rain climatology is past-only.
2015-12-21,,,,,79.07864510607631,18.377877122652134,81.44526857539387,193.35106759798506,,,2,,,23.919999999999998,20.839523809523808,29.96904761904762,14.568095238095237,73.65619047619047,14.746666666666666,7,5.887263774871826,,,,,,,,,135.66333333333333,196.57666666666668,224.03666666666666,12,summer,33.49142857142857,-9.571428571428573,0.0,56.290499815040576,1.0,70.0,4,academic_proxy_uuw_2017_recovery_not_gazetted_trigger,2015-12-21,Features use only observations dated on or before week_start. Target is combined storage four weeks later. Rain climatology is past-only.
2015-12-28,48.30895532402304,113.72894262381504,36.736040443135494,104.93282592177222,81.24179091031935,18.880592207558216,81.44526857539387,193.35106759798506,,,4,,,17.7,23.24857142857143,30.75714285714286,17.506666666666668,68.89142857142858,14.376666666666665,7,26.52642790476481,,,,,,,,,115.4733333333333,210.21333333333334,239.64000000000001,12,summer,32.295,-14.595000000000002,0.0,57.35732502555502,1.0,70.0,4,academic_proxy_uuw_2017_recovery_not_gazetted_trigger,2015-12-28,Features use only observations dated on or before week_start. Target is combined storage four weeks later. Rain climatology is past-only.
2016-01-04,47.82600295699182,112.59197616135015,35.734195648284775,102.07115644976062,85.84209044637626,19.949701819737843,80.5214020333504,191.15780842717385,74.50174601124885,103.7064304476584,5,529.4770733056808,57.49561008857431,28.63,22.607619047619046,30.964285714285715,16.473809523809525,67.70238095238095,11.906666666666666,7,27.274733225504555,,,,,,,,,97.76666666666665,213.72,256.4766666666667,1,summer,37.31916666666667,-8.689166666666669,0.0,57.63841602257076,1.0,70.0,4,academic_proxy_uuw_2017_recovery_not_gazetted_trigger,2016-01-04,Features use only observations dated on or before week_start. Target is combined storage four weeks later. Rain climatology is past-only.
2016-01-11,47.29223478131679,111.33537912217598,35.18359994263203,100.49843487613413,88.91603981802622,20.66408765370929,80.29125880830479,190.61144841091559,72.5723283976125,101.02068112947659,5,524.1300311924116,56.9149778686515,64.29666666666667,19.16333333333333,25.30857142857143,15.128571428571428,83.81666666666668,31.976666666666667,7,35.79002674420674,57.49561008857431,,,,-0.580632219922812,,,,134.54666666666665,252.25666666666666,315.5566666666667,1,summer,35.58133333333333,28.715333333333334,0.0,57.64629814071417,1.0,70.0,4,academic_proxy_uuw_2017_recovery_not_gazetted_trigger,2016-01-11,Features use only observations dated on or before week_start. Target is combined storage four weeks later. Rain climatology is past-only.
2016-01-18,47.07956620402765,110.8347147575219,35.01925481915517,100.02899946543482,84.78825278140623,19.704789946398808,78.80335609754492,187.07916737557161,72.36461296823386,100.73154125178154,5,518.3792127967087,56.290499815040576,44.626666666666665,21.150952380952383,27.781904761904762,16.336190476190477,78.22619047619048,29.67,7,13.852185090382894,56.9149778686515,,,,-0.6244780536109218,,,,155.25333333333333,290.91666666666663,351.83,1,summer,40.36722222222222,4.259444444444448,0.0,57.775156596378004,1.0,70.0,4,academic_proxy_uuw_2017_recovery_not_gazetted_trigger,2016-01-18,Features use only observations dated on or before week_start. Target is combined storage four weeks later. Rain climatology is past-only.
2016-01-25,47.07956620402765,110.8347147575219,35.23846714668524,100.65515755779172,83.00555155173193,19.2904901806225,79.71734171400504,189.248969229048,77.71140404838513,108.17427443535209,5,528.2036061603362,57.35732502555502,25.34,21.506190476190476,28.189047619047617,16.86857142857143,79.04714285714286,45.83,7,23.195831934611,56.290499815040576,,,,1.0668252105144447,,,,162.89333333333332,278.3666666666667,373.1066666666667,1,summer,40.97571428571428,-15.635714285714283,0.0,57.46249637071336,1.0,70.0,4,academic_proxy_uuw_2017_recovery_not_gazetted_trigger,2016-01-25,Features use only observations dated on or before week_start. Target is combined storage four weeks later. Rain climatology is past-only.
2016-02-01,47.23902270701338,111.2101072568509,35.01925481915517,100.02899946543482,82.88330480608984,19.262080036935277,79.1454831458685,187.89137698829182,80.74684583645204,112.39960940434122,5,530.7921731518541,57.63841602257076,38.403333333333336,20.031904761904766,26.445714285714285,14.409047619047618,76.10142857142857,35.67666666666667,7,15.899282455444336,57.35732502555502,57.49561008857431,,,0.28109099701573825,0.14280593399644914,,,172.66666666666669,270.43333333333334,386.38666666666666,2,summer,33.284166666666664,5.119166666666672,0.0,56.99358248738206,1.0,70.0,4,academic_proxy_uuw_2017_recovery_not_gazetted_trigger,2016-02-01,Features use only observations dated on or before week_start. Target is combined storage four weeks later. Rain climatology is past-only.
2016-02-08,46.97341163530754,110.58480567184101,35.23846714668524,100.65515755779172,81.84784469168056,19.021439106346563,78.40514450390498,186.1338130522704,82.23386795228964,114.46954418958717,5,530.8647595778368,57.64629814071417,9.206666666666667,21.13,29.389999999999997,15.019523809523808,74.47904761904762,32.31666666666667,7,19.474762280782066,57.63841602257076,56.9149778686515,,,0.007882118143413663,0.7313202720626748,,,117.57666666666665,252.12333333333336,369.83333333333337,2,summer,34.308,-25.101333333333333,0.0,57.13379922241105,1.0,70.0,4,academic_proxy_uuw_2017_recovery_not_gazetted_trigger,2016-02-08,Features use only observations dated on or before week_start. Target is combined storage four weeks later. Rain climatology is past-only.
2016-02-15,46.814404432132974,110.21047091412743,35.23846714668524,100.65515755779172,80.036439800009,18.600468609522093,78.46197011864007,186.26871706165153,83.56077798344278,116.31660295295232,5,532.051417096045,57.775156596378004,27.013333333333332,21.28095238095238,28.691904761904762,16.263333333333332,79.77190476190476,22.25,7,34.64460388819377,57.64629814071417,56.290499815040576,,,0.12885845566383125,1.4846567813374278,,,99.96333333333332,255.21666666666667,390.88000000000005,2,summer,30.124444444444446,-3.1111111111111143,0.0,57.75137357822521,1.0,70.0,4,academic_proxy_uuw_2017_recovery_not_gazetted_trigger,2016-02-15,Features use only observations dated on or before week_start. Target is combined storage four weeks later. Rain climatology is past-only.
2016-02-22,46.54999149325691,109.58798997342541,34.8007264614458,99.40479506447379,76.59186523129591,17.799949479753167,78.007941588085,185.19085333011378,84.18717042394628,117.18854123013321,5,529.1721290778993,57.46249637071336,9.473333333333333,21.98904761904762,29.350952380952382,16.193809523809524,72.55285714285715,17.6,7,13.599083662033081,57.775156596378004,57.35732502555502,,,-0.3126602256646436,0.10517134515833959,,,84.09666666666665,246.99,362.4633333333333,2,summer,29.68,-20.206666666666667,0.0,,,70.0,4,academic_proxy_uuw_2017_recovery_not_gazetted_trigger,2016-02-22,Features use only observations dated on or before week_start. Target is combined storage four weeks later. Rain climatology is past-only.
2016-02-29,46.18107141830173,108.71947833296592,34.203300197132926,97.69830668309048,75.01419981081933,17.433300036034414,77.32936902364824,183.57992206214095,84.35552730752121,117.42289401206952,5,524.8539011263014,56.99358248738206,3.05,23.92047619047619,32.56857142857143,17.35809523809524,65.23571428571428,10.246666666666666,7,12.056627670923868,57.46249637071336,57.63841602257076,57.49561008857431,,-0.4689138833313038,-0.6448335351887025,-0.5020276011922533,,48.74333333333332,221.41000000000003,319.1766666666667,2,summer,27.154166666666665,-24.104166666666664,1.0,,,70.0,4,academic_proxy_uuw_2017_recovery_not_gazetted_trigger,2016-02-29,Features use only observations dated on or before week_start. Target is combined storage four weeks later. Rain climatology is past-only.
2016-03-07,46.391703169780236,109.21534760229662,33.825812978284596,96.6200521911721,77.77109139227963,18.074001639565786,77.27295511414579,183.4459954409821,85.33747138302212,118.78976016516678,5,526.1451570391833,57.13379922241105,51.59,20.78142857142857,27.485714285714288,16.43285714285714,79.93142857142857,24.856666666666666,7,26.518731276194252,56.99358248738206,57.64629814071417,56.9149778686515,,0.1402167350289929,-0.5124989183031232,0.21882135375955158,,91.12666666666665,208.70333333333335,343.25000000000006,3,autumn,19.09,32.5,0.0,,,70.0,4,academic_proxy_uuw_2017_recovery_not_gazetted_trigger,2016-03-07,Features use only observations dated on or before week_start. Target is combined storage four weeks later. Rain climatology is past-only.
2016-03-14,46.49719876544392,109.46370533360806,33.18356531665985,94.7855359705072,85.59354308364489,19.89193941263907,79.20257636900482,188.02691630001743,85.9657343858507,119.66430226510417,5,531.832399281876,57.75137357822521,42.739999999999995,20.17142857142857,26.574761904761903,15.858571428571429,82.30619047619048,32.28666666666667,7,42.27702077229818,57.13379922241105,57.775156596378004,56.290499815040576,,0.6175743558141633,-0.023783018152791158,1.4608737631846367,,106.85333333333331,206.81666666666666,362.07,3,autumn,22.34,20.399999999999995,0.0,,,70.0,4,academic_proxy_uuw_2017_recovery_not_gazetted_trigger,2016-03-14,Features use only observations dated on or before week_start. Target is combined storage four weeks later. Rain climatology is past-only.
2016-03-21,46.60281417439063,109.71234512935041,32.864749883992296,93.8748715686356,90.18625287149229,20.959285167334805,79.43115511416636,188.56956224103095,,,4,,,8.483333333333334,19.41952380952381,26.80666666666667,14.212857142857143,74.23523809523809,27.41,7,0.0,57.75137357822521,57.46249637071336,57.35732502555502,,,,,,105.86333333333332,189.96,352.85333333333335,3,autumn,24.19454545454545,-15.711212121212117,0.0,,,70.0,4,academic_proxy_uuw_2017_recovery_not_gazetted_trigger,2016-03-21,Features use only observations dated on or before week_start. Target is combined storage four weeks later. Rain climatology is past-only.
2016-03-28,46.444435990951696,109.33949120989848,32.75882005801347,93.57229361370966,88.1582361154903,20.487974073239943,78.97432698802936,187.48505226958173,,,4,,,3.17,20.34142857142857,29.30047619047619,14.013333333333334,63.29333333333334,12.229999999999999,7,0.0,,56.99358248738206,57.63841602257076,57.49561008857431,,,,,105.98333333333332,154.72666666666666,327.3933333333334,3,autumn,22.885277777777777,-19.71527777777778,1.0,,,70.0,4,academic_proxy_uuw_2017_recovery_not_gazetted_trigger,2016-03-28,Features use only observations dated on or before week_start. Target is combined storage four weeks later. Rain climatology is past-only.
2016-04-04,46.339000301929474,109.09127451080236,32.28425187274143,92.21673704929862,86.90243682716995,20.196126318634295,78.57568310389516,186.53867168864713,,,4,,,12.92,16.660476190476192,23.963809523809523,11.299523809523809,75.97761904761903,7.17,7,10.600247065226236,,57.13379922241105,57.64629814071417,56.9149778686515,,,,,67.31333333333332,158.44,276.0166666666667,4,autumn,5.746666666666666,7.173333333333334,0.0,,,70.0,4,academic_proxy_uuw_2017_recovery_not_gazetted_trigger,2016-04-04,Features use only observations dated on or before week_start. Target is combined storage four weeks later. Rain climatology is past-only.
2016-04-11,46.128488363733965,108.5956873059025,31.81314628468662,90.87107104757887,84.47953920994549,19.63304491239133,77.78142136908666,184.6530943302117,,,4,,,4.606666666666667,21.138571428571428,29.878095238095238,15.121904761904762,60.14380952380952,9.03,7,0.391171932220459,,57.75137357822521,57.775156596378004,56.290499815040576,,,,,29.179999999999986,136.03333333333333,235.9966666666667,4,autumn,6.543703703703703,-1.9370370370370358,1.0,,,70.0,4,academic_proxy_uuw_2017_recovery_not_gazetted_trigger,2016-04-11,Features use only observations dated on or before week_start. Target is combined storage four weeks later. Rain climatology is past-only.
2016-04-18,46.128488363733965,108.5956873059025,31.50099955777077,89.97945513681641,82.27342236836179,19.12034335840728,76.82238490754489,182.37634177051157,,,4,,,1.29,20.110000000000003,29.013809523809527,14.015238095238095,65.12095238095239,3.0566666666666666,7,7.9387935400009155,,,57.46249637071336,57.35732502555502,,,,,21.986666666666654,127.85000000000001,211.9466666666667,4,autumn,6.35,-5.06,2.0,,,70.0,4,academic_proxy_uuw_2017_recovery_not_gazetted_trigger,2016-04-18,Features use only observations dated on or before week_start. Target is combined storage four weeks later. Rain climatology is past-only.
2016-04-25,46.18107141830173,108.71947833296592,31.087197816255355,88.79747184235178,80.15656952389531,18.62838675735327,75.75756078647639,179.84844930709497,,,4,,,5.750000000000001,16.113809523809525,24.99285714285714,9.70190476190476,59.82952380952381,1.49,7,1.8981260458628335,,,56.99358248738206,57.63841602257076,,,,,24.566666666666656,130.55,179.29333333333335,4,autumn,5.890000000000001,-0.13999999999999968,0.0,,,70.0,4,academic_proxy_uuw_2017_recovery_not_gazetted_trigger,2016-04-25,Features use only observations dated on or before week_start. Target is combined storage four weeks later. Rain climatology is past-only.
2016-05-02,45.91845567867035,108.10122835872573,30.584019173384004,87.36019236685406,78.78051664339444,18.308592067924867,74.92215940629636,177.86520643054754,,,4,,,102.32333333333334,13.68047619047619,21.178571428571427,8.450952380952382,68.1147619047619,1.08,7,2.2966764767964682,,,57.13379922241105,57.64629814071417,,,,,113.97,181.28333333333336,272.41,5,autumn,1.6845833333333333,100.63875,0.0,,,70.0,4,academic_proxy_uuw_2017_recovery_not_gazetted_trigger,2016-05-02,Features use only observations dated on or before week_start. Target is combined storage four weeks later. Rain climatology is past-only.
2016-05-09,46.07593526248693,108.47196679494674,30.23220326557116,86.35526540777745,77.06247466330345,17.90931911175172,74.64472154265127,177.2065689422541,,,4,,,13.363333333333333,15.491904761904761,21.82190476190476,11.283809523809524,80.53619047619047,25.556666666666665,7,8.135116577148438,,,57.75137357822521,57.775156596378004,,,,,122.72666666666665,151.90666666666667,258.76000000000005,5,autumn,12.866666666666667,0.49666666666666615,0.0,,,70.0,4,academic_proxy_uuw_2017_recovery_not_gazetted_trigger,2016-05-09,Features use only observations dated on or before week_start. Target is combined storage four weeks later. Rain climatology is past-only.
2016-05-16,45.81361905606304,107.8544219817836,29.78646355327879,85.08205449358553,75.24689203189045,17.48737770821134,73.87063336424211,175.36888360671077,,,4,,,2.0233333333333334,14.714761904761904,21.60047619047619,10.028571428571428,77.19857142857143,18.45,7,0.7209707895914713,,,,57.46249637071336,,,,,123.46,145.4466666666667,251.31000000000003,5,autumn,12.916333333333336,-10.893000000000002,1.0,,,70.0,4,academic_proxy_uuw_2017_recovery_not_gazetted_trigger,2016-05-16,Features use only observations dated on or before week_start. Target is combined storage four weeks later. Rain climatology is past-only.
2016-05-23,45.49982806793893,107.11569523754181,29.288963356103118,83.66099493037295,71.51029232917439,16.618991937300127,73.10057989711281,173.5407766757458,,,4,,,4.39,14.167619047619047,21.36047619047619,9.366666666666665,66.51428571428572,12.49,7,14.816246032714844,,,,56.99358248738206,,,,,122.09999999999998,146.66666666666666,252.65,5,autumn,11.92606060606061,-7.53606060606061,2.0,,,70.0,4,academic_proxy_uuw_2017_recovery_not_gazetted_trigger,2016-05-23,Features use only observations dated on or before week_start. Target is combined storage four weeks later. Rain climatology is past-only.
2016-05-30,45.39547069846351,106.87001711832279,28.75101425243488,82.124397110655,68.86771992252602,16.004858109995045,72.27999990530778,171.59271977520066,,,4,,,1.18,13.471904761904762,21.39095238095238,8.294761904761904,61.42809523809524,8.123333333333333,7,0.0,,,,57.13379922241105,,,,,20.956666666666653,134.92666666666668,202.24,5,autumn,11.298055555555557,-10.118055555555557,3.0,,,70.0,4,academic_proxy_uuw_2017_recovery_not_gazetted_trigger,2016-05-30,Features use only observations dated on or before week_start. Target is combined storage four weeks later. Rain climatology is past-only.
2016-06-06,45.34333694370692,106.74728383287484,28.360672034547314,81.00942359948094,68.25642989054548,15.862794306562767,71.13896914567769,168.88391275183884,,,4,,,2.8666666666666663,12.862380952380951,20.494285714285716,7.51904761904762,61.65666666666667,5.82,7,6.855871280034383,,,,57.75137357822521,,,,,10.459999999999985,133.18666666666667,162.3666666666667,6,winter,1.111,1.7556666666666663,4.0,,,70.0,4,academic_proxy_uuw_2017_recovery_not_gazetted_trigger,2016-06-06,Features use only observations dated on or before week_start. Target is combined storage four weeks later. Rain climatology is past-only.
2016-06-13,45.39547069846351,106.87001711832279,27.831356339940694,79.49748624940659,67.70307643799828,15.734194964190799,70.11443038162298,166.45165772597295,,,4,,,2.586666666666667,12.539047619047619,20.615238095238094,7.136666666666666,64.74714285714286,4.856666666666667,7,2.5047624905904136,,,,,,,,,11.02333333333332,134.48333333333335,156.47000000000003,6,winter,1.2706060606060605,1.3160606060606064,5.0,,,70.0,4,academic_proxy_uuw_2017_recovery_not_gazetted_trigger,2016-06-13,Features use only observations dated on or before week_start. Target is combined storage four weeks later. Rain climatology is past-only.
2016-06-20,45.39547069846351,106.87001711832279,27.350530472031085,78.12405524030959,67.97947164542138,15.798429210395927,69.04399677675973,163.91044834802761,,,4,,,1.03,11.970476190476191,20.215238095238096,6.743333333333333,61.58904761904762,3.9366666666666665,7,0.0,,,,,,,,,7.663333333333319,129.76333333333335,154.33000000000004,6,winter,1.3802777777777777,-0.3502777777777777,6.0,,,70.0,4,academic_proxy_uuw_2017_recovery_not_gazetted_trigger,2016-06-20,Features use only observations dated on or before week_start. Target is combined storage four weeks later. Rain climatology is past-only.
2016-06-27,45.55205168265773,107.23864007131283,26.782897933107325,76.50266965612776,66.65790955362372,15.49129818026215,68.2465752042907,162.01736953498616,,,4,,,3.546666666666667,11.698095238095238,20.06952380952381,6.448571428571428,59.220000000000006,2.993333333333333,7,0.0,,,,,,,,,10.029999999999987,30.986666666666665,144.95666666666668,6,winter,1.3533333333333333,2.1933333333333334,7.0,,,70.0,4,academic_proxy_uuw_2017_recovery_not_gazetted_trigger,2016-06-27,Features use only observations dated on or before week_start. Target is combined storage four weeks later. Rain climatology is past-only.
2016-07-04,45.447634406540864,106.9928209198785,26.35870604879397,75.2910079577751,66.82239538759515,15.52952468807711,67.40109733854185,160.01020508169833,,,4,,,1.58,10.633809523809523,19.072857142857142,4.665714285714286,62.93619047619047,2.3966666666666665,7,0.0,,,,,,,,,8.74333333333332,19.203333333333333,141.93000000000004,7,winter,9.12625,-7.546250000000001,8.0,,,70.0,4,academic_proxy_uuw_2017_recovery_not_gazetted_trigger,2016-07-04,Features use only observations dated on or before week_start. Target is combined storage four weeks later. Rain climatology is past-only.
2016-07-11,45.447634406540864,106.9928209198785,25.942609588530175,74.10247002867759,66.71271564343948,15.504035115535334,66.66562711095426,158.26419876140542,,,4,,,1.7166666666666668,11.752857142857142,19.803809523809523,6.758095238095238,62.08952380952381,1.95,7,0.0,,,,,,,,,7.87333333333332,18.89666666666667,142.3566666666667,7,winter,8.287777777777778,-6.571111111111112,9.0,,,70.0,4,academic_proxy_uuw_2017_recovery_not_gazetted_trigger,2016-07-11,Features use only observations dated on or before week_start. Target is combined storage four weeks later. Rain climatology is past-only.
2016-07-18,45.447634406540864,106.9928209198785,25.525151814582614,72.91004364317378,66.05652898518083,15.351537336156026,65.88210059008681,156.4041068008661,,,4,,,28.366666666666667,12.380952380952381,20.474761904761902,6.8619047619047615,60.22952380952381,1.92,7,33.677096684773765,,,,,,,,,35.20999999999999,42.873333333333335,164.97333333333336,7,winter,7.630666666666667,20.736,0.0,,,70.0,4,academic_proxy_uuw_2017_recovery_not_gazetted_trigger,2016-07-18,Features use only observations dated on or before week_start. Target is combined storage four weeks later. Rain climatology is past-only.
2016-07-25,45.91845567867035,108.10122835872573,25.023121386047734,71.47604392710674,68.75637358677538,15.978981221566597,65.56998685322267,155.66314878955063,,,4,,,49.32,10.071904761904761,16.41,4.968571428571429,77.4704761904762,11.846666666666668,7,18.864513397216797,,,,,,,,,80.98333333333332,91.01333333333334,111.97000000000001,7,winter,9.515757575757577,39.804242424242425,0.0,,,70.0,4,academic_proxy_uuw_2017_recovery_not_gazetted_trigger,2016-07-25,Features use only observations dated on or before week_start. Target is combined storage four weeks later. Rain climatology is past-only.
2016-08-01,46.391703169780236,109.21534760229662,24.83844953446236,70.94854725023828,69.36989324805188,16.121563190847258,64.84460340383477,153.94108848070374,,,4,,,0.72,11.524285714285714,20.23,5.414285714285714,61.710952380952385,12.276666666666667,7,2.3518705765406294,,,,,,,,,80.12333333333332,88.86666666666667,99.32666666666668,8,winter,2.778148148148148,-2.058148148148148,1.0,,,70.0,4,academic_proxy_uuw_2017_recovery_not_gazetted_trigger,2016-08-01,Features use only observations dated on or before week_start. Target is combined storage four weeks later. Rain climatology is past-only.
2016-08-08,46.07593526248693,108.47196679494674,24.792388441850488,70.81697834530173,69.3140061258502,16.108575023647585,63.91789609568606,151.74108533115873,,,4,,,0.0,13.573809523809524,23.632380952380952,6.530476190476191,44.103809523809524,9.7,7,3.186286290486654,,,,,,,,,78.40666666666665,86.28,97.30333333333334,8,winter,2.572333333333333,-2.572333333333333,2.0,,,70.0,4,academic_proxy_uuw_2017_recovery_not_gazetted_trigger,2016-08-08,Features use only observations dated on or before week_start. Target is combined storage four weeks later. Rain climatology is past-only.
2016-08-15,46.128488363733965,108.5956873059025,24.51691959656895,70.03012913563954,67.4272442682762,15.670091567947388,63.457043550899996,150.6470213898366,,,4,,,40.81,14.575714285714286,21.087142857142858,10.215714285714284,79.45619047619049,5.8100000000000005,7,26.67044989267985,,,,,,,,,90.85,126.06,133.72333333333336,8,winter,2.338484848484848,38.471515151515156,0.0,,,70.0,4,academic_proxy_uuw_2017_recovery_not_gazetted_trigger,2016-08-15,Features use only observations dated on or before week_start. Target is combined storage four weeks later. Rain climatology is past-only.
2016-08-22,46.391703169780236,109.21534760229662,24.379762273464387,69.63835295792367,67.92414756092069,15.785571893157966,63.150734857816055,149.91984455245532,,,4,,,0.08666666666666667,14.675238095238097,23.697619047619046,7.326190476190476,54.40095238095238,18.97,7,7.277054945627849,,,,,,,,,41.61666666666665,122.60000000000001,132.63,8,winter,5.544444444444444,-5.457777777777777,1.0,,,70.0,4,academic_proxy_uuw_2017_recovery_not_gazetted_trigger,2016-08-22,Features use only observations dated on or before week_start. Target is combined storage four weeks later. Rain climatology is past-only.
2016-08-29,46.31792754171898,109.04166501871481,23.891516544256255,68.24372785701357,68.47840187378947,15.91438059546867,63.1003076239269,149.80013029920246,,,4,,,1.2766666666666668,18.883809523809525,28.67476190476191,12.539047619047619,54.11714285714286,11.886666666666667,7,0.0,,,,,,,,,42.173333333333325,122.29666666666667,131.04000000000002,8,winter,5.124615384615385,-3.8479487179487184,2.0,,,70.0,4,academic_proxy_uuw_2017_recovery_not_gazetted_trigger,2016-08-29,Features use only observations dated on or before week_start. Target is combined storage four weeks later. Rain climatology is past-only.
2016-09-05,46.268600912504624,108.92554026821837,23.456997044276665,67.00256635727186,67.20698391964325,15.61890306292509,62.59126285342306,148.59165801402634,,,4,,,5.41,17.262380952380955,26.335714285714285,11.168571428571429,68.02,5.0200000000000005,7,1.802533467610677,,,,,,,,,47.58333333333332,125.99000000000001,133.86333333333334,9,spring,11.422592592592594,-6.012592592592593,0.0,,,70.0,4,academic_proxy_uuw_2017_recovery_not_gazetted_trigger,2016-09-05,Features use only observations dated on or before week_start. Target is combined storage four weeks later. Rain climatology is past-only.
2016-09-12,46.53041069573219,109.54189285989273,23.26081318193186,66.44218677287016,67.31706905094366,15.644486847439305,62.258487427232666,147.80164915225035,,,4,,,35.199999999999996,15.801904761904762,22.67190476190476,10.606190476190477,72.00380952380952,5.4799999999999995,7,31.720162868499756,,,,,,,,,41.973333333333315,132.82333333333332,168.03333333333336,9,spring,10.821333333333333,24.37866666666666,0.0,,,70.0,4,academic_proxy_uuw_2017_recovery_not_gazetted_trigger,2016-09-12,Features use only observations dated on or before week_start. Target is combined storage four weeks later. Rain climatology is past-only.
2016-09-19,46.945256563931196,110.51852300280682,23.04935832410923,65.83818711698561,69.25814152515652,16.095592090446374,61.857989496000016,146.85086706350404,,,4,,,9.506666666666666,15.585714285714287,24.14190476190476,9.79809523809524,70.95238095238095,16.84,7,0.0,,,,,,,,,51.39333333333332,93.00999999999999,173.99333333333334,9,spring,13.037575757575757,-3.530909090909091,0.0,,,70.0,4,academic_proxy_uuw_2017_recovery_not_gazetted_trigger,2016-09-19,Features use only observations dated on or before week_start. Target is combined storage four weeks later. Rain climatology is past-only.
2016-09-26,47.319340104142114,111.39919047317137,22.96180478570359,65.58809918988372,70.22777453718301,16.32093480244133,61.47995446860343,145.95341190846455,,,4,,,31.89,15.55285714285714,23.327142857142857,9.699047619047619,72.53809523809524,11.263333333333334,7,14.601121763388315,,,,,,,,,82.00666666666665,124.18,204.30333333333334,9,spring,12.743333333333332,19.14666666666667,0.0,,,70.0,4,academic_proxy_uuw_2017_recovery_not_gazetted_trigger,2016-09-26,Features use only observations dated on or before week_start. Target is combined storage four weeks later. Rain climatology is past-only.
2016-10-03,47.52676821941727,111.88751774215214,22.637556538254536,64.66191649587026,70.1153336561416,16.29480354168731,61.264562301957625,145.4420709048474,,,4,,,18.046666666666667,13.300476190476191,20.595714285714287,7.85095238095238,72.65095238095238,15.283333333333333,7,14.935155868530273,,,,,,,,,94.64333333333332,142.22666666666666,220.63333333333335,10,spring,16.07,1.9766666666666666,0.0,,,70.0,4,academic_proxy_uuw_2017_recovery_not_gazetted_trigger,2016-10-03,Features use only observations dated on or before week_start. Target is combined storage four weeks later. Rain climatology is past-only.
2016-10-10,47.483068461151795,111.78463977124355,22.3738184560279,63.90857503779809,70.4360276564119,16.36933282735012,60.832159379992966,144.4155463681033,,,4,,,21.226666666666667,16.458095238095236,25.23428571428571,10.336666666666668,70.71809523809523,18.06,7,8.837351481119791,,,,,,,,,80.66999999999999,122.64333333333333,213.49333333333334,10,spring,16.28962962962963,4.937037037037037,0.0,,,70.0,4,academic_proxy_uuw_2017_recovery_not_gazetted_trigger,2016-10-10,Features use only observations dated on or before week_start. Target is combined storage four weeks later. Rain climatology is past-only.
2016-10-17,47.86986020037414,112.69522488372081,22.37892133280734,63.923150895030886,71.00041664789875,16.500496828971666,60.80597203553964,144.3533776123711,,,4,,,41.93000000000001,17.86809523809524,25.034285714285716,13.022380952380953,79.07000000000001,24.136666666666667,7,36.19611366589864,,,,,,,,,113.09333333333333,164.48666666666668,206.10333333333335,10,spring,16.783333333333335,25.146666666666672,0.0,,,70.0,4,academic_proxy_uuw_2017_recovery_not_gazetted_trigger,2016-10-17,Features use only observations dated on or before week_start. Target is combined storage four weeks later. Rain climatology is past-only.
2016-10-24,47.938966069038436,112.85791391973027,22.355671510348564,63.856740102159634,70.54872528264494,16.395523755686682,60.949529521336565,144.694183083653,,,4,,,13.046666666666667,19.687619047619048,27.94333333333333,14.184285714285716,78.36285714285714,26.413333333333334,7,8.786053578058878,,,,,,,,,94.24999999999999,176.25666666666666,218.43,10,spring,19.06939393939394,-6.022727272727273,0.0,,,70.0,4,academic_proxy_uuw_2017_recovery_not_gazetted_trigger,2016-10-24,Features use only observations dated on or before week_start. Target is combined storage four weeks later. Rain climatology is past-only.
2016-10-31,47.85040527018735,112.64942408707506,,,69.5936669519391,16.173568199630648,,,,,2,,,51.849999999999994,18.990000000000002,25.626666666666665,13.962380952380952,80.99285714285713,17.096666666666668,7,23.887143055597942,,,,,,,,,128.0533333333333,222.69666666666666,270.28000000000003,10,spring,18.5675,33.2825,0.0,,,70.0,4,academic_proxy_uuw_2017_recovery_not_gazetted_trigger,2016-10-31,Features use only observations dated on or before week_start. Target is combined storage four weeks later. Rain climatology is past-only.
2016-11-07,,,,,71.98212794468719,16.7286465343453,,,,,1,,,63.879999999999995,17.71047619047619,24.25761904761905,13.304285714285713,82.54714285714286,32.70333333333333,7,41.207417249679565,,,,,,,,,170.70666666666665,251.37666666666667,293.35,11,spring,22.104444444444443,41.775555555555556,0.0,,,70.0,4,academic_proxy_uuw_2017_recovery_not_gazetted_trigger,2016-11-07,Features use only observations dated on or before week_start. Target is combined storage four weeks later. Rain climatology is past-only.
2016-11-14,,,,,72.57553364713301,16.86655401959371,,,,,1,,,11.743333333333332,17.21095238095238,24.873333333333335,11.192857142857145,75.01666666666667,43.32333333333333,7,7.155655701955159,,,,,,,,,140.51999999999998,253.61333333333334,305.0066666666667,11,spring,26.282,-14.538666666666668,0.0,,,70.0,4,academic_proxy_uuw_2017_recovery_not_gazetted_trigger,2016-11-14,Features use only observations dated on or before week_start. Target is combined storage four weeks later. Rain climatology is past-only.
2016-11-21,,,,,68.86771992252602,16.004858109995045,,,,,1,,,16.58,19.285238095238096,25.633333333333333,14.12142857142857,80.5842857142857,27.3,7,19.59542253613472,,,,,,,,,144.0533333333333,238.3033333333333,320.31,11,spring,24.96030303030303,-8.380303030303033,0.0,,,70.0,4,academic_proxy_uuw_2017_recovery_not_gazetted_trigger,2016-11-21,Features use only observations dated on or before week_start. Target is combined storage four weeks later. Rain climatology is past-only.
2016-11-28,,,,,67.4680319309941,15.67957062076303,,,,,1,,,11.903333333333334,19.98190476190476,28.20095238095238,14.45809523809524,74.48428571428572,31.286666666666665,7,5.749515692392985,,,,,,,,,104.10666666666664,232.16,326.80333333333334,11,spring,24.261944444444442,-12.358611111111108,0.0,46.0148658373348,1.0,70.0,4,academic_proxy_uuw_2017_recovery_not_gazetted_trigger,2016-11-28,Features use only observations dated on or before week_start. Target is combined storage four weeks later. Rain climatology is past-only.
2016-12-05,,,,,63.63791849666431,14.789452258624786,,,,,1,,,54.97333333333333,20.319047619047616,27.385714285714283,14.932380952380953,76.91571428571429,33.5,7,21.16302313407262,,,,,,,,,95.19999999999999,265.9066666666667,346.5766666666667,12,summer,30.673333333333332,24.299999999999997,0.0,46.28041437366865,1.0,70.0,4,academic_proxy_uuw_2017_recovery_not_gazetted_trigger,2016-12-05,Features use only observations dated on or before week_start. Target is combined storage four weeks later. Rain climatology is past-only.
2016-12-12,,,,,60.08447768125592,13.963632613123876,,,,,1,,,7.936666666666666,21.21904761904762,28.326190476190476,15.168095238095239,74.00523809523808,44.82666666666667,7,24.995164354642235,,,,,,,,,91.3933333333333,231.91333333333333,345.00666666666666,12,summer,33.10333333333333,-25.166666666666664,0.0,47.0399331230867,1.0,70.0,4,academic_proxy_uuw_2017_recovery_not_gazetted_trigger,2016-12-12,Features use only observations dated on or before week_start. Target is combined storage four weeks later. Rain climatology is past-only.
2016-12-19,,,,,56.86619176391579,13.215702965934028,,,,,1,,,13.426666666666666,22.92238095238095,31.185714285714287,15.998571428571427,67.59666666666666,23.596666666666668,7,16.194826662540436,,,,,,,,,88.23999999999998,232.29333333333332,326.54333333333335,12,summer,30.815454545454543,-17.388787878787877,0.0,47.244806772823694,1.0,70.0,4,academic_proxy_uuw_2017_recovery_not_gazetted_trigger,2016-12-19,Features use only observations dated on or before week_start. Target is combined storage four weeks later. Rain climatology is past-only.
2016-12-26,55.55973149026649,130.79871987438537,24.28401903446747,69.36487197005287,58.27631649475249,13.543415953380478,60.05831469167065,142.57843907802612,48.46656079035303,67.4654526201714,5,423.75089949601625,46.0148658373348,35.766666666666666,21.935714285714283,29.286666666666665,15.577142857142857,71.89142857142858,35.82333333333333,7,0.0,,,,,,,,,112.10333333333332,216.20999999999998,344.2633333333333,12,summer,29.36638888888889,6.400277777777777,0.0,47.242143902198954,1.0,70.0,4,academic_proxy_uuw_2017_recovery_not_gazetted_trigger,2016-12-26,Features use only observations dated on or before week_start. Target is combined storage four weeks later. Rain climatology is past-only.
2017-01-02,56.53082563636994,133.0848697131421,24.1143580266536,68.88025226733335,60.664495878845564,14.098428842243708,59.60026582574614,141.49103107032136,49.31160493827161,68.64175407407407,5,426.1963359671146,46.28041437366865,68.5,19.795238095238094,25.79190476190476,15.194285714285714,79.2147619047619,29.26,7,37.46594715118408,46.0148658373348,,,,0.2655485363338457,,,,125.63,220.82999999999998,391.5366666666667,1,summer,39.021249999999995,29.478750000000005,0.0,47.08051661206113,1.0,70.0,4,academic_proxy_uuw_2017_recovery_not_gazetted_trigger,2017-01-02,Features use only observations dated on or before week_start. Target is combined storage four weeks later. Rain climatology is past-only.
2017-01-09,57.79848680117946,136.06919762733668,24.200061811160165,69.1250565573979,65.37079728034804,15.192173287952883,59.59147358378144,141.47015828789716,51.245803426667244,71.3341583699208,5,433.19074413050544,47.0399331230867,65.51666666666667,20.37,26.59238095238095,15.38047619047619,81.91190476190476,57.18,7,19.138185183207195,46.28041437366865,,,,0.7595187494180493,,,,183.20999999999998,274.6033333333333,415.12333333333333,1,summer,42.29666666666666,23.220000000000006,0.0,48.05785441058733,1.0,70.0,4,academic_proxy_uuw_2017_recovery_not_gazetted_trigger,2017-01-09,Features use only observations dated on or before week_start. Target is combined storage four weeks later. Rain climatology is past-only.
2017-01-16,58.458570100355594,137.62316573025714,23.665885899219393,67.59923648253027,69.54482558506658,16.16221746596947,59.04725143839803,140.17817491475694,52.81223489757156,73.5146309774196,5,435.0774255709334,47.244806772823694,13.78,18.35904761904762,24.887619047619047,12.508095238095239,77.32523809523809,50.66,7,12.55641516049703,47.0399331230867,,,,0.20487364973699584,,,,183.5633333333333,271.80333333333334,415.8566666666667,1,summer,44.61866666666666,-30.83866666666666,0.0,51.4310184148624,1.0,70.0,4,academic_proxy_uuw_2017_recovery_not_gazetted_trigger,2017-01-16,Features use only observations dated on or before week_start. Target is combined storage four weeks later. Rain climatology is past-only.
2017-01-23,58.68148941506223,138.1479623809395,23.152536528931172,66.132905341239,74.17351853532624,17.23792570760982,58.3049258918859,138.41589406733715,53.96423541539128,75.11821569822466,5,435.05290319535015,47.242143902198954,33.71666666666667,21.658095238095235,28.396190476190476,16.065714285714286,76.94428571428571,51.82666666666667,7,15.687555631001791,47.244806772823694,46.0148658373348,,,-0.002662870624739355,1.2272780648641515,,,181.51333333333332,293.6166666666666,397.7233333333333,1,summer,41.815151515151506,-8.098484848484837,0.0,57.047930146243154,1.0,70.0,4,academic_proxy_uuw_2017_recovery_not_gazetted_trigger,2017-01-23,Features use only observations dated on or before week_start. Target is combined storage four weeks later. Rain climatology is past-only.
2017-01-30,58.831442842235056,138.50098273918977,22.584245875181065,64.50963991786719,75.79187486056215,17.614031717594642,57.59062590020495,136.72014588708655,54.75551524334251,76.21967721873277,5,433.56447748047094,47.08051661206113,35.36333333333333,22.44238095238095,29.98333333333333,16.43904761904762,72.39809523809524,38.85333333333333,7,0.7861033280690511,47.242143902198954,46.28041437366865,,,-0.1616272901378224,0.8001022383924834,,,148.37666666666667,274.00666666666666,369.2066666666667,1,summer,41.140277777777776,-5.776944444444446,0.0,58.95897481209286,1.0,70.0,4,academic_proxy_uuw_2017_recovery_not_gazetted_trigger,2017-01-30,Features use only observations dated on or before week_start. Target is combined storage four weeks later. Rain climatology is past-only.
2017-02-06,59.93549999684657,141.1001540925762,22.9271104201116,65.48899820400676,77.14777955110412,17.9291439676766,57.01525763812987,135.35422163292031,59.40536161632104,82.69226336991888,5,442.56478126709874,48.05785441058733,65.20333333333333,21.242857142857144,26.53333333333333,17.14095238095238,85.35333333333334,49.946666666666665,7,36.91176748275757,47.08051661206113,47.0399331230867,,,0.9773377985262002,1.0179212875006343,,,148.06333333333333,331.2733333333333,422.6666666666667,2,summer,24.475925925925925,40.72740740740741,0.0,,,70.0,4,academic_proxy_uuw_2017_recovery_not_gazetted_trigger,2017-02-06,Features use only observations dated on or before week_start. Target is combined storage four weeks later. Rain climatology is past-only.
2017-02-13,64.35968868616192,151.51557910496237,24.982280841523217,71.35938699572691,82.58555329721916,19.192882586273733,58.81605017240922,139.62930310929949,66.04245458779117,91.93109678620532,5,473.62824858246785,51.4310184148624,54.346666666666664,21.755714285714284,26.919999999999998,17.428571428571427,83.52761904761905,54.42333333333333,7,20.313501516977944,48.05785441058733,47.244806772823694,,,3.3731640042750684,4.186211642038707,,,188.63,372.1933333333333,460.43333333333334,2,summer,28.54866666666667,25.797999999999995,0.0,,,70.0,4,academic_proxy_uuw_2017_recovery_not_gazetted_trigger,2017-02-13,Features use only observations dated on or before week_start. Target is combined storage four weeks later. Rain climatology is past-only.
2017-02-20,70.71129618653333,166.46853348233677,29.29167396984051,83.66873752745244,99.00467031390758,23.00868538095212,62.79431134528906,149.07369513371623,74.09104683354573,103.13473719229566,5,525.3543887167532,57.047930146243154,72.48,16.94761904761905,21.212380952380954,13.604761904761904,87.55904761904763,35.27333333333333,7,48.89704958597819,51.4310184148624,47.242143902198954,46.0148658373348,,5.616911731380753,9.8057862440442,11.03306430890835,,227.39333333333332,408.90666666666664,521.01,2,summer,30.893939393939398,41.586060606060606,0.0,,,70.0,4,academic_proxy_uuw_2017_recovery_not_gazetted_trigger,2017-02-20,Features use only observations dated on or before week_start. Target is combined storage four weeks later. Rain climatology is past-only.
2017-02-27,71.30252373327447,167.86040137287475,29.687845851670197,84.80036289071074,100.01543683730465,23.2435875209896,64.39054158016425,152.86314571130995,82.02995800910782,114.18570154867805,5,542.9531990445631,58.95897481209286,12.896666666666667,20.74142857142857,26.816190476190478,15.965238095238094,81.09666666666668,55.56333333333334,7,11.66084937254588,57.047930146243154,47.08051661206113,46.28041437366865,,1.9110446658497082,11.87845820003173,12.678560438424213,,204.92666666666665,353.30333333333334,478.93333333333334,2,summer,34.35944444444445,-21.46277777777778,0.0,,,70.0,4,academic_proxy_uuw_2017_recovery_not_gazetted_trigger,2017-02-27,Features use only observations dated on or before week_start. Target is combined storage four weeks later. Rain climatology is past-only.
2017-03-06,,,,,,,64.43178131788954,152.9610488486698,83.75196281888488,116.58273224388773,2,,,23.673333333333336,18.779047619047617,24.706666666666667,13.758095238095239,78.3,44.89666666666667,7,11.066776911417643,58.95897481209286,48.05785441058733,47.0399331230867,,,,,,163.39666666666668,311.46000000000004,494.67,3,autumn,21.36871794871795,2.304615384615385,0.0,,,70.0,4,academic_proxy_uuw_2017_recovery_not_gazetted_trigger,2017-03-06,Features use only observations dated on or before week_start. Target is combined storage four weeks later. Rain climatology is past-only.
2017-03-13,,,,,,,,,,,0,,,19.473333333333336,19.868095238095236,27.41095238095238,14.27095238095238,76.46095238095238,45.66666666666667,7,11.146974086761475,,51.4310184148624,47.244806772823694,,,,,,128.52333333333334,317.1533333333333,500.7166666666667,3,autumn,21.533333333333335,-2.0599999999999987,0.0,,,70.0,4,academic_proxy_uuw_2017_recovery_not_gazetted_trigger,2017-03-13,Features use only observations dated on or before week_start. Target is combined storage four weeks later. Rain climatology is past-only.
2017-03-20,,,,,,,,,,,0,,,37.303333333333335,18.520000000000003,25.076666666666664,13.370476190476191,76.10190476190476,29.14666666666667,7,13.712394714355469,,57.047930146243154,47.242143902198954,46.0148658373348,,,,,93.34666666666666,320.74,502.25333333333333,3,autumn,21.396000000000004,15.90733333333333,0.0,,,70.0,4,academic_proxy_uuw_2017_recovery_not_gazetted_trigger,2017-03-20,Features use only observations dated on or before week_start. Target is combined storage four weeks later. Rain climatology is past-only.
2017-03-27,,,,,,,,,,,0,,,1.6566666666666667,20.406190476190478,27.806190476190476,14.286666666666667,68.97904761904762,46.24333333333333,7,0.1410617729028066,,58.95897481209286,47.08051661206113,46.28041437366865,,,,,82.10666666666668,287.03333333333336,435.41,3,autumn,22.390208333333334,-20.733541666666667,1.0,,,70.0,4,academic_proxy_uuw_2017_recovery_not_gazetted_trigger,2017-03-27,Features use only observations dated on or before week_start. Target is combined storage four weeks later. Rain climatology is past-only.
2017-04-03,,,,,,,,,,,0,,,21.46,20.59142857142857,26.878095238095234,15.969047619047618,76.20238095238095,21.253333333333334,7,12.699687321980795,,,48.05785441058733,47.0399331230867,,,,,79.89333333333335,243.29000000000002,391.35333333333335,4,autumn,5.878333333333334,15.581666666666667,0.0,,,70.0,4,academic_proxy_uuw_2017_recovery_not_gazetted_trigger,2017-04-03,Features use only observations dated on or before week_start. Target is combined storage four weeks later. Rain climatology is past-only.
2017-04-10,,,,,,,,,,,0,,,14.673333333333334,16.711904761904762,22.868095238095236,11.840952380952379,78.4057142857143,24.490000000000002,7,39.792205830415085,,,51.4310184148624,47.244806772823694,,,,,75.09333333333333,203.61666666666667,392.2466666666667,4,autumn,7.076923076923077,7.596410256410257,0.0,,,70.0,4,academic_proxy_uuw_2017_recovery_not_gazetted_trigger,2017-04-10,Features use only observations dated on or before week_start. Target is combined storage four weeks later. Rain climatology is past-only.
2017-04-17,,,,,,,,,,,0,,,0.6566666666666666,14.344761904761905,22.26857142857143,8.441428571428572,69.07238095238095,20.36,7,0.0,,,57.047930146243154,47.242143902198954,,,,,38.446666666666665,131.79333333333335,359.18666666666667,4,autumn,7.61952380952381,-6.9628571428571435,1.0,,,70.0,4,academic_proxy_uuw_2017_recovery_not_gazetted_trigger,2017-04-17,Features use only observations dated on or before week_start. Target is combined storage four weeks later. Rain climatology is past-only.
2017-04-24,,,,,,,,,,,0,,,6.176666666666667,15.34047619047619,21.93142857142857,10.773809523809524,80.7104761904762,11.723333333333333,7,0.0,,,58.95897481209286,47.08051661206113,,,,,42.96666666666667,125.07333333333334,330.00000000000006,4,autumn,7.155333333333333,-0.9786666666666664,0.0,,,70.0,4,academic_proxy_uuw_2017_recovery_not_gazetted_trigger,2017-04-24,Features use only observations dated on or before week_start. Target is combined storage four weeks later. Rain climatology is past-only.
2017-05-01,,,,,,,,,,,0,,,1.6233333333333335,17.844761904761906,25.134285714285713,12.79857142857143,69.53904761904762,12.37,7,3.6613411903381348,,,,48.05785441058733,,,,,23.13,103.02333333333334,266.42,5,autumn,10.519743589743591,-8.896410256410258,1.0,,,70.0,4,academic_proxy_uuw_2017_recovery_not_gazetted_trigger,2017-05-01,Features use only observations dated on or before week_start. Target is combined storage four weeks later. Rain climatology is past-only.
2017-05-08,,,,,,,,,,,0,,,62.656666666666666,14.58095238095238,20.11095238095238,10.892380952380952,76.92380952380952,6.206666666666666,7,48.03069865703583,,,,51.4310184148624,,,,,71.11333333333333,146.20666666666668,274.7300000000001,5,autumn,9.884285714285715,52.77238095238095,0.0,,,70.0,4,academic_proxy_uuw_2017_recovery_not_gazetted_trigger,2017-05-08,Features use only observations dated on or before week_start. Target is combined storage four weeks later. Rain climatology is past-only.
2017-05-15,,,,,,,,,,,0,,,16.096666666666668,14.733809523809523,21.494285714285716,9.967142857142857,69.56666666666668,23.03,7,10.322752753893534,,,,57.047930146243154,,,,,86.55333333333333,125.0,218.3466666666667,5,autumn,13.402444444444447,2.694222222222221,0.0,,,70.0,4,academic_proxy_uuw_2017_recovery_not_gazetted_trigger,2017-05-15,Features use only observations dated on or before week_start. Target is combined storage four weeks later. Rain climatology is past-only.
2017-05-22,,,,,,,,,,,0,,,0.66,14.76142857142857,22.65952380952381,9.41952380952381,61.25666666666667,15.77,7,5.791214466094971,,,,58.95897481209286,,,,,81.03666666666666,124.00333333333333,206.11,5,autumn,13.570833333333333,-12.910833333333333,1.0,,,70.0,4,academic_proxy_uuw_2017_recovery_not_gazetted_trigger,2017-05-22,Features use only observations dated on or before week_start. Target is combined storage four weeks later. Rain climatology is past-only.
2017-05-29,,,,,,,,,,,0,,,0.13,13.643333333333333,21.818571428571428,8.24095238095238,58.23238095238095,11.423333333333334,7,0.0,,,,,,,,,79.54333333333334,102.67333333333333,182.56666666666672,5,autumn,12.811372549019607,-12.681372549019606,2.0,,,70.0,4,academic_proxy_uuw_2017_recovery_not_gazetted_trigger,2017-05-29,Features use only observations dated on or before week_start. Target is combined storage four weeks later. Rain climatology is past-only.
2017-06-05,,,,,,,,,,,0,,,0.02,13.013333333333334,21.817619047619047,6.952380952380952,57.85666666666667,8.386666666666667,7,0.6840583483378092,,,,,,,,,16.906666666666666,88.02000000000001,163.11333333333334,6,winter,1.51,-1.49,3.0,,,70.0,4,academic_proxy_uuw_2017_recovery_not_gazetted_trigger,2017-06-05,Features use only observations dated on or before week_start. Target is combined storage four weeks later. Rain climatology is past-only.
2017-06-12,,,,,,,,,,,0,,,1.02,12.49047619047619,21.042380952380956,6.7195238095238095,63.18571428571429,6.326666666666667,7,3.0763412912686667,,,,,,,,,1.83,88.38333333333334,126.83000000000004,6,winter,1.4106666666666667,-0.3906666666666667,4.0,,,70.0,4,academic_proxy_uuw_2017_recovery_not_gazetted_trigger,2017-06-12,Features use only observations dated on or before week_start. Target is combined storage four weeks later. Rain climatology is past-only.
2017-06-19,,,,,,,,,,,0,,,1.7433333333333334,11.448571428571428,20.153333333333332,5.553809523809524,65.68904761904761,5.39,7,3.2032299041748047,,,,,,,,,2.913333333333333,83.95,126.91666666666669,6,winter,1.38625,0.3570833333333334,5.0,,,70.0,4,academic_proxy_uuw_2017_recovery_not_gazetted_trigger,2017-06-19,Features use only observations dated on or before week_start. Target is combined storage four weeks later. Rain climatology is past-only.
2017-06-26,,,,,,,,,,,0,,,0.3166666666666667,12.943809523809524,21.655714285714286,6.9661904761904765,61.72190476190476,5.326666666666666,7,0.640397310256958,,,,,,,,,3.1,82.64333333333335,105.77333333333337,6,winter,1.4072549019607843,-1.0905882352941176,6.0,,,70.0,4,academic_proxy_uuw_2017_recovery_not_gazetted_trigger,2017-06-26,Features use only observations dated on or before week_start. Target is combined storage four weeks later. Rain climatology is past-only.
2017-07-03,,,,,,,,,,,0,,,0.016666666666666666,14.130952380952381,22.933333333333334,8.314761904761905,53.52238095238095,5.756666666666667,7,1.7505041758219402,,,,,,,,,3.0966666666666667,20.003333333333334,91.1166666666667,7,winter,12.832777777777778,-12.81611111111111,7.0,,,70.0,4,academic_proxy_uuw_2017_recovery_not_gazetted_trigger,2017-07-03,Features use only observations dated on or before week_start. Target is combined storage four weeks later. Rain climatology is past-only.
2017-07-10,,,,,,,,,,,0,,,0.7366666666666667,12.58904761904762,20.564285714285713,7.483333333333333,70.23,3.5900000000000003,7,6.711219946543375,,,,,,,,,2.8133333333333335,4.6433333333333335,91.1966666666667,7,winter,11.846923076923078,-11.110256410256412,8.0,,,70.0,4,academic_proxy_uuw_2017_recovery_not_gazetted_trigger,2017-07-10,Features use only observations dated on or before week_start. Target is combined storage four weeks later. Rain climatology is past-only.
2017-07-17,,,,,,,,,,,0,,,0.41333333333333333,11.92095238095238,21.017619047619046,5.903333333333334,57.29,4.13,7,1.142726182937622,,,,,,,,,1.4833333333333334,4.3966666666666665,85.43333333333337,7,winter,11.053333333333336,-10.640000000000002,9.0,,,70.0,4,academic_proxy_uuw_2017_recovery_not_gazetted_trigger,2017-07-17,Features use only observations dated on or before week_start. Target is combined storage four weeks later. Rain climatology is past-only.
2017-07-24,,,,,,,,,,,0,,,4.81,13.023809523809524,21.473333333333333,7.127142857142857,58.139523809523816,4.1033333333333335,7,0.32837073008219403,,,,,,,,,5.976666666666667,9.076666666666666,88.62000000000003,7,winter,10.344000000000001,-5.534000000000002,10.0,,,70.0,4,academic_proxy_uuw_2017_recovery_not_gazetted_trigger,2017-07-24,Features use only observations dated on or before week_start. Target is combined storage four weeks later. Rain climatology is past-only.
2017-07-31,,,,,,,,,,,0,,,4.34,14.303809523809523,22.50714285714286,8.878571428571428,64.7347619047619,5.086666666666667,7,0.0,,,,,,,,,10.3,13.396666666666667,30.303333333333363,7,winter,9.998125,-5.658125,11.0,,,70.0,4,academic_proxy_uuw_2017_recovery_not_gazetted_trigger,2017-07-31,Features use only observations dated on or before week_start. Target is combined storage four weeks later. Rain climatology is past-only.
2017-08-07,,,,,,,,,,,0,,,1.71,14.99333333333333,23.797619047619047,9.099523809523811,60.6152380952381,4.576666666666667,7,0.0,,,,,,,,,11.273333333333333,14.086666666666666,15.916666666666694,8,winter,4.849761904761905,-3.1397619047619054,12.0,,,70.0,4,academic_proxy_uuw_2017_recovery_not_gazetted_trigger,2017-08-07,Features use only observations dated on or before week_start. Target is combined storage four weeks later. Rain climatology is past-only.
2017-08-14,,,,,,,,,,,0,,,9.723333333333334,11.07095238095238,18.99142857142857,5.646666666666667,66.53190476190477,2.873333333333333,7,14.985662778218588,,,,,,,,,20.583333333333336,22.066666666666666,24.98000000000003,8,winter,4.640444444444444,5.08288888888889,0.0,,,70.0,4,academic_proxy_uuw_2017_recovery_not_gazetted_trigger,2017-08-14,Features use only observations dated on or before week_start. Target is combined storage four weeks later. Rain climatology is past-only.
2017-08-21,,,,,,,,,,,0,,,2.513333333333333,12.085238095238095,20.59714285714286,5.631428571428572,58.92428571428571,3.9499999999999997,7,3.705729881922404,,,,,,,,,18.28666666666667,24.263333333333332,27.36333333333336,8,winter,4.958125,-2.4447916666666667,1.0,,,70.0,4,academic_proxy_uuw_2017_recovery_not_gazetted_trigger,2017-08-21,Features use only observations dated on or before week_start. Target is combined storage four weeks later. Rain climatology is past-only.
2017-08-28,,,,,,,,,,,0,,,1.6433333333333333,14.364285714285714,22.736666666666668,8.462857142857143,67.00714285714285,4.163333333333333,7,0.0,,,,,,,,,15.590000000000002,25.89,28.986666666666697,8,winter,4.814313725490196,-3.1709803921568627,2.0,,,70.0,4,academic_proxy_uuw_2017_recovery_not_gazetted_trigger,2017-08-28,Features use only observations dated on or before week_start. Target is combined storage four weeks later. Rain climatology is past-only.
2017-09-04,,,,,,,,,,,0,,,0.23,19.36047619047619,30.08476190476191,11.836190476190477,51.20428571428572,4.913333333333334,7,3.506603558858236,,,,,,,,,14.110000000000001,25.383333333333333,28.196666666666697,9,spring,14.216153846153846,-13.986153846153845,3.0,,,70.0,4,academic_proxy_uuw_2017_recovery_not_gazetted_trigger,2017-09-04,Features use only observations dated on or before week_start. Target is combined storage four weeks later. Rain climatology is past-only.
2017-09-11,,,,,,,,,,,0,,,12.51,19.4352380952381,29.773809523809522,12.928095238095239,58.878571428571426,3.5733333333333333,7,0.0,,,,,,,,,16.89666666666667,37.48,38.96333333333336,9,spring,13.217142857142857,-0.7071428571428573,0.0,,,70.0,4,academic_proxy_uuw_2017_recovery_not_gazetted_trigger,2017-09-11,Features use only observations dated on or before week_start. Target is combined storage four weeks later. Rain climatology is past-only.
2017-09-18,,,,,,,,,,,0,,,11.219999999999999,17.263809523809524,26.362380952380953,10.989999999999998,68.11857142857143,4.953333333333333,7,1.699966549873352,,,,,,,,,25.60333333333333,43.89,49.866666666666696,9,spring,13.169999999999998,-1.9499999999999993,0.0,,,70.0,4,academic_proxy_uuw_2017_recovery_not_gazetted_trigger,2017-09-18,Features use only observations dated on or before week_start. Target is combined storage four weeks later. Rain climatology is past-only.
2017-09-25,,,,,,,,,,,0,,,15.686666666666666,15.696190476190477,23.556666666666665,10.140952380952381,73.5947619047619,4.613333333333333,7,31.09556484222412,,,,,,,,,39.64666666666666,55.236666666666665,65.53666666666669,9,spring,13.048125,2.638541666666665,0.0,,,70.0,4,academic_proxy_uuw_2017_recovery_not_gazetted_trigger,2017-09-25,Features use only observations dated on or before week_start. Target is combined storage four weeks later. Rain climatology is past-only.
2017-10-02,,,,,,,,,,,0,,,25.583333333333332,17.103809523809524,24.964761904761904,11.978095238095237,73.81047619047618,7.016666666666667,7,54.60093649228414,,,,,,,,,65.0,79.11,90.38333333333335,10,spring,21.127692307692307,4.455641025641025,0.0,,,70.0,4,academic_proxy_uuw_2017_recovery_not_gazetted_trigger,2017-10-02,Features use only observations dated on or before week_start. Target is combined storage four weeks later. Rain climatology is past-only.
2017-10-09,,,,,,,,,,,0,,,48.92333333333334,13.75047619047619,21.568095238095236,8.048571428571428,73.01666666666667,17.406666666666666,7,26.976565043131508,,,,,,,,,101.41333333333333,118.31,138.89333333333337,10,spring,21.445952380952377,27.477380952380962,0.0,,,70.0,4,academic_proxy_uuw_2017_recovery_not_gazetted_trigger,2017-10-09,Features use only observations dated on or before week_start. Target is combined storage four weeks later. Rain climatology is past-only.
2017-10-16,,,,,,,,,,,0,,,3.6133333333333333,16.178571428571427,25.291428571428572,9.737142857142857,67.86047619047619,12.973333333333333,7,0.7186593015988667,,,,,,,,,93.80666666666667,119.41,137.69666666666672,10,spring,23.277777777777775,-19.66444444444444,1.0,,,70.0,4,academic_proxy_uuw_2017_recovery_not_gazetted_trigger,2017-10-16,Features use only observations dated on or before week_start. Target is combined storage four weeks later. Rain climatology is past-only.
2017-10-23,,,,,,,,,,,0,,,17.496666666666666,17.315238095238094,26.179523809523808,10.924285714285714,69.21761904761904,10.72,7,7.101235707600912,,,,,,,,,95.61666666666667,135.26333333333332,150.85333333333335,10,spring,22.048750000000002,-4.552083333333336,0.0,,,70.0,4,academic_proxy_uuw_2017_recovery_not_gazetted_trigger,2017-10-23,Features use only observations dated on or before week_start. Target is combined storage four weeks later. Rain climatology is past-only.
2017-10-30,,,,,,,,,,,0,,,1.2766666666666666,22.086190476190474,31.05047619047619,14.687619047619048,56.79857142857143,12.943333333333333,7,0.0,,,,,,,,,71.31,136.31,150.42000000000002,10,spring,21.780980392156863,-20.504313725490196,1.0,,,70.0,4,academic_proxy_uuw_2017_recovery_not_gazetted_trigger,2017-10-30,Features use only observations dated on or before week_start. Target is combined storage four weeks later. Rain climatology is past-only.
2017-11-06,,,,,,,,,,,0,,,33.93666666666667,16.324285714285715,23.99285714285714,10.685714285714285,74.68857142857144,8.716666666666667,7,9.40087143580119,,,,,,,,,56.32333333333333,157.73666666666665,174.63333333333335,11,spring,23.31128205128205,10.625384615384618,0.0,,,70.0,4,academic_proxy_uuw_2017_recovery_not_gazetted_trigger,2017-11-06,Features use only observations dated on or before week_start. Target is combined storage four weeks later. Rain climatology is past-only.
2017-11-13,,,,,,,,,,,0,,,63.85333333333334,17.205238095238094,25.25619047619048,10.00047619047619,69.48619047619047,30.516666666666666,7,57.71298726399739,,,,,,,,,116.56333333333333,210.37,235.9733333333334,11,spring,24.070238095238093,39.78309523809524,0.0,,,70.0,4,academic_proxy_uuw_2017_recovery_not_gazetted_trigger,2017-11-13,Features use only observations dated on or before week_start. Target is combined storage four weeks later. Rain climatology is past-only.
2017-11-20,,,,,,,,,,,0,,,43.70333333333333,18.474285714285713,26.437619047619048,12.487142857142857,72.58142857142857,25.3,7,39.88597043355306,,,,,,,,,142.76999999999998,238.38666666666666,278.03333333333336,11,spring,26.72244444444444,16.98088888888889,0.0,,,70.0,4,academic_proxy_uuw_2017_recovery_not_gazetted_trigger,2017-11-20,Features use only observations dated on or before week_start. Target is combined storage four weeks later. Rain climatology is past-only.
2017-11-27,,,,,,,,,,,0,,,19.1,19.20952380952381,26.684285714285714,13.206190476190475,74.17809523809524,34.46333333333333,7,18.700639565785725,,,,,,,,,160.59333333333333,231.90333333333336,296.90333333333336,11,spring,27.78375,-8.68375,0.0,,,70.0,4,academic_proxy_uuw_2017_recovery_not_gazetted_trigger,2017-11-27,Features use only observations dated on or before week_start. Target is combined storage four weeks later. Rain climatology is past-only.
2017-12-04,,,,,,,,,,,0,,,54.68,16.88,22.779047619047617,12.880476190476191,82.48809523809526,25.993333333333336,7,19.298037668069203,,,,,,,,,181.33666666666667,237.66,339.0733333333334,12,summer,29.858717948717945,24.821282051282054,0.0,56.19929981655125,1.0,70.0,4,academic_proxy_uuw_2017_recovery_not_gazetted_trigger,2017-12-04,Features use only observations dated on or before week_start. Target is combined storage four weeks later. Rain climatology is past-only.
2017-12-11,,,,,,,,,,,0,,,21.413333333333334,17.954761904761906,25.713333333333335,12.221428571428572,76.86428571428571,37.46666666666667,7,32.4414644241333,,,,,,,,,138.89666666666668,255.45999999999998,349.2666666666667,12,summer,31.631666666666664,-10.21833333333333,0.0,56.15212263510427,1.0,70.0,4,academic_proxy_uuw_2017_recovery_not_gazetted_trigger,2017-12-11,Features use only observations dated on or before week_start. Target is combined storage four weeks later. Rain climatology is past-only.
2017-12-18,,,,,,,,,,,0,,,36.28333333333333,19.94238095238095,26.62285714285714,14.436666666666666,79.54190476190476,41.99666666666666,7,23.95809664328893,,,,,,,,,131.47666666666666,274.24666666666667,369.8633333333334,12,summer,30.950444444444443,5.332888888888888,0.0,55.62103351958384,1.0,70.0,4,academic_proxy_uuw_2017_recovery_not_gazetted_trigger,2017-12-18,Features use only observations dated on or before week_start. Target is combined storage four weeks later. Rain climatology is past-only.
2017-12-25,,,,,,,,,,,0,,,21.383333333333333,19.505238095238095,26.90142857142857,13.854761904761904,76.92285714285715,29.96666666666667,7,34.47753588358561,,,,,,,,,133.76,294.35333333333335,365.66333333333336,12,summer,31.283749999999998,-9.900416666666665,0.0,56.40848829613877,1.0,70.0,4,academic_proxy_uuw_2017_recovery_not_gazetted_trigger,2017-12-25,Features use only observations dated on or before week_start. Target is combined storage four weeks later. Rain climatology is past-only.
2018-01-01,81.93927850874698,192.90144946529213,18.51180793677392,52.87712819060102,89.92830731160758,20.899338619217602,62.72276655887451,148.9038478107681,73.24539362409608,101.95758792474173,5,517.5393520106205,56.19929981655125,11.44,20.497142857142855,29.386190476190475,13.748095238095237,71.46000000000001,34.03666666666667,7,8.598497072855631,,,,,,,,,90.52,271.8566666666667,328.18,1,summer,40.695897435897436,-29.255897435897438,0.0,60.04216321525186,1.0,70.0,4,academic_proxy_uuw_2017_recovery_not_gazetted_trigger,2018-01-01,Features use only observations dated on or before week_start. Target is combined storage four weeks later. Rain climatology is past-only.
2018-01-08,82.69476405985577,194.68001354971244,18.57099928685459,53.04620236297146,85.59406051607408,19.892059663935616,62.36269851794465,148.0490462816006,72.8718214715913,101.43757548845508,5,517.1048973466752,56.15212263510427,10.94,20.637619047619044,28.199047619047622,14.275714285714287,69.9152380952381,20.806666666666665,7,7.304120937983194,56.19929981655125,,,,-0.04717718144698324,,,,80.04666666666665,218.94333333333333,335.5066666666667,1,summer,38.60619047619048,-27.66619047619048,0.0,61.328214182610154,1.0,70.0,4,academic_proxy_uuw_2017_recovery_not_gazetted_trigger,2018-01-08,Features use only observations dated on or before week_start. Target is combined storage four weeks later. Rain climatology is past-only.
2018-01-15,82.50518684286573,194.2337108654745,18.447647181236285,52.69385940848332,80.20715104878283,18.640141903737128,61.44616712277889,145.8732007494771,72.39452927778416,100.77318475467554,5,512.2140976818475,55.62103351958384,19.213333333333335,22.23333333333333,30.283809523809527,16.352857142857143,67.62761904761905,16.526666666666667,7,10.657639761765799,56.15212263510427,,,,-0.5310891155204303,,,,62.97666666666667,194.45333333333335,337.22333333333336,1,summer,36.76177777777778,-17.548444444444446,0.0,63.00256557817295,1.0,70.0,4,academic_proxy_uuw_2017_recovery_not_gazetted_trigger,2018-01-15,Features use only observations dated on or before week_start. Target is combined storage four weeks later. Rain climatology is past-only.
2018-01-22,84.69382950535925,199.38621342151674,18.711657424940075,53.447978268598824,75.22360659429755,17.48196617251475,60.53721116439864,143.71533930428237,75.74301117257846,105.43427155222922,5,519.4657687191419,56.40848829613877,78.17333333333332,20.60333333333333,27.595714285714283,15.784285714285714,79.12761904761905,25.32,7,43.43352631727854,55.62103351958384,,,,0.7874547765549309,,,,119.76666666666665,253.52666666666667,414.12,1,summer,35.665,42.50833333333332,0.0,65.00791871421643,1.0,70.0,4,academic_proxy_uuw_2017_recovery_not_gazetted_trigger,2018-01-22,Features use only observations dated on or before week_start. Target is combined storage four weeks later. Rain climatology is past-only.
2018-01-29,91.8642005815741,216.2667010091417,20.15046934276272,57.55780063066742,72.58458669357361,16.868657947586506,60.582816481164585,143.82360632628473,85.06574363187788,118.41151513557399,5,552.9282810492543,60.04216321525186,64.16,19.49761904761905,25.91142857142857,14.870476190476191,83.45476190476191,51.75666666666667,7,41.01815724372864,56.40848829613877,56.19929981655125,,,3.6336749191130906,3.842863398700608,,,172.48666666666665,263.00666666666666,444.34333333333336,1,summer,38.16549019607843,25.994509803921567,0.0,65.45710133547685,1.0,70.0,4,academic_proxy_uuw_2017_recovery_not_gazetted_trigger,2018-01-29,Features use only observations dated on or before week_start. Target is combined storage four weeks later. Rain climatology is past-only.
2018-02-05,95.02087336598814,223.69814007820924,20.91166373914818,59.73207630450286,69.60019909325906,16.175086269273407,60.18671665457224,142.8832653379545,87.84695144950929,122.28295641771692,5,564.7715244076569,61.328214182610154,22.733333333333334,21.18619047619048,27.3147619047619,16.298571428571428,79.80047619047619,49.403333333333336,7,9.720531066258747,60.04216321525186,56.15212263510427,,,1.2860509673582925,5.176091547505884,,,184.27999999999997,264.32666666666665,403.22333333333336,2,summer,32.70846153846154,-9.975128205128208,0.0,,,70.0,4,academic_proxy_uuw_2017_recovery_not_gazetted_trigger,2018-02-05,Features use only observations dated on or before week_start. Target is combined storage four weeks later. Rain climatology is past-only.
2018-02-12,96.68049155945376,227.605213229266,21.75426740580293,62.13888941793549,69.02607943789447,16.041660861366672,60.153742785687776,142.8049853732228,94.54014190201416,131.5998775276037,5,580.1906264093947,63.00256557817295,62.85333333333333,20.527619047619048,26.28047619047619,16.376190476190477,83.62809523809524,54.0,7,33.04983305931091,61.328214182610154,55.62103351958384,,,1.6743513955627947,7.381532058589109,,,227.92,290.89666666666665,422.37333333333333,2,summer,31.995952380952385,30.857380952380947,0.0,,,70.0,4,academic_proxy_uuw_2017_recovery_not_gazetted_trigger,2018-02-12,Features use only observations dated on or before week_start. Target is combined storage four weeks later. Rain climatology is past-only.
2018-02-19,98.75211156001153,232.48222103457914,23.919319869909888,68.3231452764106,68.1991456966403,15.849481459899206,60.499940743101476,143.6268593241229,99.4082013967006,138.37621634420722,5,598.6579234392191,65.00791871421643,73.28333333333333,20.304285714285715,25.20095238095238,16.384285714285713,83.81857142857143,50.766666666666666,7,27.993443648020424,63.00256557817295,56.40848829613877,,,2.0053531360434818,8.59943041807766,,,223.03,342.7966666666667,476.55666666666673,2,summer,34.053111111111114,39.23022222222222,0.0,,,70.0,4,academic_proxy_uuw_2017_recovery_not_gazetted_trigger,2018-02-19,Features use only observations dated on or before week_start. Target is combined storage four weeks later. Rain climatology is past-only.
2018-02-26,98.93352175845204,232.90929692374777,24.455760867858906,69.85543534295218,68.73128670912753,15.973151031201237,60.93249903898994,144.65375271856212,100.14569696978661,139.40281018194295,5,602.7944461984063,65.45710133547685,7.133333333333334,19.96142857142857,26.687142857142856,14.57904761904762,75.61476190476189,56.803333333333335,7,11.495866775512695,65.00791871421643,60.04216321525186,56.19929981655125,,0.4491826212604195,5.414938120224988,9.257801518925596,,166.00333333333333,338.49,429.01000000000005,2,summer,36.505,-29.37166666666667,0.0,,,70.0,4,academic_proxy_uuw_2017_recovery_not_gazetted_trigger,2018-02-26,Features use only observations dated on or before week_start. Target is combined storage four weeks later. Rain climatology is past-only.
2018-03-05,,,,,,,,,,,0,,,26.483333333333334,20.397142857142857,27.569047619047616,15.415714285714285,78.87714285714286,43.653333333333336,7,39.15768106778462,65.45710133547685,61.328214182610154,56.15212263510427,,,,,,169.75333333333333,354.03333333333336,434.08,3,autumn,21.17058823529412,5.3127450980392155,0.0,,,70.0,4,academic_proxy_uuw_2017_recovery_not_gazetted_trigger,2018-03-05,Features use only observations dated on or before week_start. Target is combined storage four weeks later. Rain climatology is past-only.
2018-03-12,,,,,,,,,,,0,,,51.54333333333334,18.426190476190474,24.49857142857143,13.748571428571427,79.96190476190476,34.27666666666667,7,37.23635514577229,,63.00256557817295,55.62103351958384,,,,,,158.44333333333333,386.36333333333334,449.34000000000003,3,autumn,21.465740740740742,30.077592592592595,0.0,,,70.0,4,academic_proxy_uuw_2017_recovery_not_gazetted_trigger,2018-03-12,Features use only observations dated on or before week_start. Target is combined storage four weeks later. Rain climatology is past-only.
2018-03-19,,,,,,,,,,,0,,,62.61000000000001,17.687142857142856,23.736666666666668,12.984285714285715,82.94619047619048,41.2,7,31.231330871582035,,65.00791871421643,56.40848829613877,,,,,,147.77,370.80000000000007,490.5666666666667,3,autumn,23.048771929824564,39.561228070175446,0.0,,,70.0,4,academic_proxy_uuw_2017_recovery_not_gazetted_trigger,2018-03-19,Features use only observations dated on or before week_start. Target is combined storage four weeks later. Rain climatology is past-only.
2018-03-26,,,,,,,,,,,0,,,20.26,19.14666666666667,25.270476190476188,14.472380952380954,78.78857142857143,47.75,7,0.0,,65.45710133547685,60.04216321525186,56.19929981655125,,,,,160.89666666666668,326.90000000000003,499.3866666666667,3,autumn,25.026833333333336,-4.766833333333334,0.0,,,70.0,4,academic_proxy_uuw_2017_recovery_not_gazetted_trigger,2018-03-26,Features use only observations dated on or before week_start. Target is combined storage four weeks later. Rain climatology is past-only.
2018-04-02,,,,,,,,,,,0,,,31.99,19.695714285714285,24.358571428571427,16.47,85.46142857142857,32.06666666666667,7,34.916686058044434,,,61.328214182610154,56.15212263510427,,,,,166.40333333333334,336.15666666666664,520.4366666666667,4,autumn,7.094166666666667,24.895833333333332,0.0,,,70.0,4,academic_proxy_uuw_2017_recovery_not_gazetted_trigger,2018-04-02,Features use only observations dated on or before week_start. Target is combined storage four weeks later. Rain climatology is past-only.
2018-04-09,,,,,,,,,,,0,,,29.236666666666665,16.96238095238095,22.49142857142857,13.025238095238095,83.09238095238095,32.11,7,14.659914334615072,,,63.00256557817295,55.62103351958384,,,,,144.0966666666667,302.54,530.46,4,autumn,8.558627450980392,20.678039215686272,0.0,,,70.0,4,academic_proxy_uuw_2017_recovery_not_gazetted_trigger,2018-04-09,Features use only observations dated on or before week_start. Target is combined storage four weeks later. Rain climatology is past-only.
2018-04-16,,,,,,,,,,,0,,,7.443333333333333,16.49238095238095,22.52904761904762,12.218571428571428,79.66476190476192,33.11333333333333,7,2.7512663205464682,,,65.00791871421643,56.40848829613877,,,,,88.92999999999999,236.70000000000002,459.7300000000001,4,autumn,9.707407407407409,-2.2640740740740757,0.0,,,70.0,4,academic_proxy_uuw_2017_recovery_not_gazetted_trigger,2018-04-16,Features use only observations dated on or before week_start. Target is combined storage four weeks later. Rain climatology is past-only.
2018-04-23,,,,,,,,,,,0,,,0.8200000000000001,17.683809523809522,25.834761904761905,12.176190476190476,67.35666666666667,32.95666666666667,7,9.829058011372885,,,65.45710133547685,60.04216321525186,,,,,69.49,230.38666666666668,396.39000000000004,4,autumn,9.588245614035088,-8.768245614035088,1.0,,,70.0,4,academic_proxy_uuw_2017_recovery_not_gazetted_trigger,2018-04-23,Features use only observations dated on or before week_start. Target is combined storage four weeks later. Rain climatology is past-only.
2018-04-30,,,,,,,,,,,0,,,1.9,14.421428571428573,21.358571428571427,9.055238095238094,68.3047619047619,19.406666666666666,7,3.537926117579142,,,,61.328214182610154,,,,,39.4,205.80333333333334,375.5566666666667,4,autumn,9.149833333333333,-7.249833333333333,2.0,,,70.0,4,academic_proxy_uuw_2017_recovery_not_gazetted_trigger,2018-04-30,Features use only observations dated on or before week_start. Target is combined storage four weeks later. Rain climatology is past-only.
2018-05-07,,,,,,,,,,,0,,,16.256666666666668,15.602857142857143,23.378095238095238,10.214285714285714,60.51047619047619,16.186666666666667,7,11.229275226593018,,,,63.00256557817295,,,,,26.42,170.51666666666668,328.96000000000004,5,autumn,12.10685185185185,4.1498148148148175,0.0,,,70.0,4,academic_proxy_uuw_2017_recovery_not_gazetted_trigger,2018-05-07,Features use only observations dated on or before week_start. Target is combined storage four weeks later. Rain climatology is past-only.
2018-05-14,,,,,,,,,,,0,,,26.883333333333336,12.824285714285713,17.538571428571426,9.64904761904762,87.86238095238095,10.823333333333334,7,11.324817776679993,,,,65.00791871421643,,,,,45.86,134.79,282.56000000000006,5,autumn,12.325263157894735,14.558070175438601,0.0,,,70.0,4,academic_proxy_uuw_2017_recovery_not_gazetted_trigger,2018-05-14,Features use only observations dated on or before week_start. Target is combined storage four weeks later. Rain climatology is past-only.
2018-05-21,,,,,,,,,,,0,,,1.07,14.530000000000001,21.62095238095238,9.640952380952381,75.86666666666666,23.053333333333335,7,0.0,,,,65.45710133547685,,,,,46.11,115.6,276.4966666666667,5,autumn,13.053166666666666,-11.983166666666666,1.0,,,70.0,4,academic_proxy_uuw_2017_recovery_not_gazetted_trigger,2018-05-21,Features use only observations dated on or before week_start. Target is combined storage four weeks later. Rain climatology is past-only.
2018-05-28,,,,,,,,,,,0,,,7.353333333333333,12.821904761904761,20.39666666666667,7.779047619047619,67.70904761904762,14.756666666666668,7,11.667055447896322,,,,,,,,,51.56333333333334,90.96333333333334,257.3666666666667,5,autumn,12.482539682539683,-5.12920634920635,0.0,,,70.0,4,academic_proxy_uuw_2017_recovery_not_gazetted_trigger,2018-05-28,Features use only observations dated on or before week_start. Target is combined storage four weeks later. Rain climatology is past-only.
2018-06-04,,,,,,,,,,,0,,,5.893333333333333,11.133333333333335,17.845714285714287,6.550952380952381,67.23761904761905,11.923333333333334,7,2.4055612881978354,,,,,,,,,41.2,67.62,211.7166666666667,6,winter,1.3466666666666667,4.546666666666666,0.0,,,70.0,4,academic_proxy_uuw_2017_recovery_not_gazetted_trigger,2018-06-04,Features use only observations dated on or before week_start. Target is combined storage four weeks later. Rain climatology is past-only.
2018-06-11,,,,,,,,,,,0,,,0.7966666666666666,12.643809523809523,20.864761904761906,7.2542857142857144,66.44428571428571,11.09,7,3.2762296199798584,,,,,,,,,15.113333333333332,60.973333333333336,149.90333333333336,6,winter,1.5859649122807018,-0.7892982456140352,1.0,,,70.0,4,academic_proxy_uuw_2017_recovery_not_gazetted_trigger,2018-06-11,Features use only observations dated on or before week_start. Target is combined storage four weeks later. Rain climatology is past-only.
2018-06-18,,,,,,,,,,,0,,,0.85,13.137619047619049,21.17904761904762,7.960476190476191,62.42666666666667,8.543333333333333,7,0.0,,,,,,,,,14.893333333333333,61.00333333333334,130.49333333333337,6,winter,1.5465,-0.6965,2.0,,,70.0,4,academic_proxy_uuw_2017_recovery_not_gazetted_trigger,2018-06-18,Features use only observations dated on or before week_start. Target is combined storage four weeks later. Rain climatology is past-only.
2018-06-25,,,,,,,,,,,0,,,0.12666666666666668,11.944761904761904,20.31380952380952,5.9852380952380955,60.73380952380952,6.84,7,5.363830089569092,,,,,,,,,7.666666666666666,59.230000000000004,98.63000000000002,6,winter,1.5133333333333334,-1.3866666666666667,3.0,,,70.0,4,academic_proxy_uuw_2017_recovery_not_gazetted_trigger,2018-06-25,Features use only observations dated on or before week_start. Target is combined storage four weeks later. Rain climatology is past-only.
2018-07-02,,,,,,,,,,,0,,,1.2133333333333334,9.752380952380951,17.406666666666666,4.368095238095238,64.47619047619048,4.23,7,2.471295992533366,,,,,,,,,2.9866666666666664,44.18666666666667,70.6066666666667,7,winter,9.66529411764706,-8.451960784313727,4.0,,,70.0,4,academic_proxy_uuw_2017_recovery_not_gazetted_trigger,2018-07-02,Features use only observations dated on or before week_start. Target is combined storage four weeks later. Rain climatology is past-only.
2018-07-09,,,,,,,,,,,0,,,4.35,12.521904761904763,19.25047619047619,7.809523809523809,69.51619047619047,4.82,7,0.7677654425303141,,,,,,,,,6.539999999999999,21.653333333333332,67.51333333333336,7,winter,9.19574074074074,-4.845740740740741,5.0,,,70.0,4,academic_proxy_uuw_2017_recovery_not_gazetted_trigger,2018-07-09,Features use only observations dated on or before week_start. Target is combined storage four weeks later. Rain climatology is past-only.
2018-07-16,,,,,,,,,,,0,,,0.02666666666666667,10.533809523809524,19.21761904761905,4.781428571428571,60.70904761904762,5.1866666666666665,7,3.8995452721913653,,,,,,,,,5.716666666666666,20.61,66.72000000000004,7,winter,8.940701754385964,-8.914035087719297,6.0,,,70.0,4,academic_proxy_uuw_2017_recovery_not_gazetted_trigger,2018-07-16,Features use only observations dated on or before week_start. Target is combined storage four weeks later. Rain climatology is past-only.
2018-07-23,,,,,,,,,,,0,,,0.0,14.355714285714287,23.513333333333332,7.951904761904762,53.59619047619048,5.4,7,4.197720587253571,,,,,,,,,5.589999999999999,13.256666666666666,64.82000000000004,7,winter,8.495000000000001,-8.495000000000001,7.0,,,70.0,4,academic_proxy_uuw_2017_recovery_not_gazetted_trigger,2018-07-23,Features use only observations dated on or before week_start. Target is combined storage four weeks later. Rain climatology is past-only.
2018-07-30,,,,,,,,,,,0,,,0.41,13.37142857142857,21.900952380952383,7.646190476190476,67.14142857142858,3.3166666666666664,7,0.0,,,,,,,,,4.786666666666666,7.7733333333333325,48.973333333333365,7,winter,8.09047619047619,-7.68047619047619,8.0,,,70.0,4,academic_proxy_uuw_2017_recovery_not_gazetted_trigger,2018-07-30,Features use only observations dated on or before week_start. Target is combined storage four weeks later. Rain climatology is past-only.
2018-08-06,,,,,,,,,,,0,,,9.93,10.277142857142858,19.58666666666667,3.559047619047619,58.698095238095235,3.7299999999999995,7,9.812892436981201,,,,,,,,,10.366666666666667,16.906666666666666,32.020000000000024,8,winter,4.638148148148148,5.291851851851852,0.0,,,70.0,4,academic_proxy_uuw_2017_recovery_not_gazetted_trigger,2018-08-06,Features use only observations dated on or before week_start. Target is combined storage four weeks later. Rain climatology is past-only.
2018-08-13,,,,,,,,,,,0,,,13.913333333333334,13.743809523809523,22.641428571428573,7.869999999999999,67.82000000000001,4.826666666666667,7,20.347922153758528,,,,,,,,,24.253333333333334,29.97,44.86333333333336,8,winter,4.916666666666666,8.996666666666668,0.0,,,70.0,4,academic_proxy_uuw_2017_recovery_not_gazetted_trigger,2018-08-13,Features use only observations dated on or before week_start. Target is combined storage four weeks later. Rain climatology is past-only.
2018-08-20,,,,,,,,,,,0,,,7.533333333333333,15.269047619047617,23.259047619047617,10.005238095238095,71.70333333333333,6.423333333333333,7,0.011350340753172835,,,,,,,,,31.78666666666667,37.376666666666665,45.043333333333365,8,winter,5.366499999999999,2.166833333333334,0.0,,,70.0,4,academic_proxy_uuw_2017_recovery_not_gazetted_trigger,2018-08-20,Features use only observations dated on or before week_start. Target is combined storage four weeks later. Rain climatology is past-only.
2018-08-27,,,,,,,,,,,0,,,0.18000000000000002,15.507142857142856,25.060000000000002,8.584285714285715,54.21523809523809,5.906666666666667,7,1.329081614812215,,,,,,,,,31.55666666666667,36.343333333333334,39.330000000000034,8,winter,5.469682539682539,-5.2896825396825395,1.0,,,70.0,4,academic_proxy_uuw_2017_recovery_not_gazetted_trigger,2018-08-27,Features use only observations dated on or before week_start. Target is combined storage four weeks later. Rain climatology is past-only.
2018-09-03,,,,,,,,,,,0,,,12.256666666666666,15.066666666666666,24.175714285714285,8.948571428571428,61.441904761904766,3.1133333333333333,7,32.8113309542338,,,,,,,,,33.88333333333333,44.25,50.79000000000003,9,spring,13.203333333333333,-0.9466666666666672,0.0,,,70.0,4,academic_proxy_uuw_2017_recovery_not_gazetted_trigger,2018-09-03,Features use only observations dated on or before week_start. Target is combined storage four weeks later. Rain climatology is past-only.
2018-09-10,,,,,,,,,,,0,,,0.35000000000000003,15.152857142857144,25.6547619047619,7.918571428571428,59.43428571428571,4.65,7,0.0,,,,,,,,,20.32,44.57333333333334,50.29000000000003,9,spring,13.15074074074074,-12.800740740740741,1.0,,,70.0,4,academic_proxy_uuw_2017_recovery_not_gazetted_trigger,2018-09-10,Features use only observations dated on or before week_start. Target is combined storage four weeks later. Rain climatology is past-only.
2018-09-17,,,,,,,,,,,0,,,13.773333333333333,16.157619047619047,25.426190476190474,9.947619047619046,66.89238095238095,2.296666666666667,7,18.19069194793701,,,,,,,,,26.56,58.34666666666667,63.936666666666696,9,spring,12.477017543859649,1.2963157894736845,0.0,,,70.0,4,academic_proxy_uuw_2017_recovery_not_gazetted_trigger,2018-09-17,Features use only observations dated on or before week_start. Target is combined storage four weeks later. Rain climatology is past-only.
2018-09-24,,,,,,,,,,,0,,,4.726666666666667,19.02,28.904285714285713,12.482857142857142,64.19047619047619,5.613333333333333,7,10.973966598510742,,,,,,,,,31.106666666666666,62.663333333333334,67.45000000000002,9,spring,12.541833333333333,-7.815166666666666,1.0,,,70.0,4,academic_proxy_uuw_2017_recovery_not_gazetted_trigger,2018-09-24,Features use only observations dated on or before week_start. Target is combined storage four weeks later. Rain climatology is past-only.
2018-10-01,,,,,,,,,,,0,,,13.98,16.527142857142856,25.41333333333333,9.675238095238097,57.698095238095235,4.553333333333334,7,4.465345859527588,,,,,,,,,32.83,66.71333333333334,77.08000000000003,10,spring,20.641851851851854,-6.6618518518518535,0.0,,,70.0,4,academic_proxy_uuw_2017_recovery_not_gazetted_trigger,2018-10-01,Features use only observations dated on or before week_start. Target is combined storage four weeks later. Rain climatology is past-only.
2018-10-08,,,,,,,,,,,0,,,26.3,17.356666666666666,25.309047619047618,10.961904761904762,67.14,3.41,7,14.677250107129415,,,,,,,,,58.78,79.1,103.35333333333335,10,spring,20.29122807017544,6.008771929824562,0.0,,,70.0,4,academic_proxy_uuw_2017_recovery_not_gazetted_trigger,2018-10-08,Features use only observations dated on or before week_start. Target is combined storage four weeks later. Rain climatology is past-only.
2018-10-15,,,,,,,,,,,0,,,28.15,13.718095238095236,20.55666666666667,8.146666666666667,74.58380952380953,12.9,7,7.547625462214152,,,,,,,,,73.15666666666667,99.71666666666667,131.50333333333336,10,spring,20.59166666666667,7.55833333333333,0.0,,,70.0,4,academic_proxy_uuw_2017_recovery_not_gazetted_trigger,2018-10-15,Features use only observations dated on or before week_start. Target is combined storage four weeks later. Rain climatology is past-only.
2018-10-22,,,,,,,,,,,0,,,0.3933333333333333,19.41,28.854761904761904,11.70238095238095,52.22809523809524,13.623333333333333,7,0.0,,,,,,,,,68.82333333333334,99.92999999999999,131.4866666666667,10,spring,20.951587301587303,-20.55825396825397,1.0,,,70.0,4,academic_proxy_uuw_2017_recovery_not_gazetted_trigger,2018-10-22,Features use only observations dated on or before week_start. Target is combined storage four weeks later. Rain climatology is past-only.
2018-10-29,,,,,,,,,,,0,,,22.226666666666667,17.162857142857142,25.31714285714286,10.549999999999999,67.83380952380952,7.543333333333333,7,27.676127910614014,,,,,,,,,77.07000000000001,109.9,143.78333333333336,10,spring,20.01712121212121,2.209545454545456,0.0,,,70.0,4,academic_proxy_uuw_2017_recovery_not_gazetted_trigger,2018-10-29,Features use only observations dated on or before week_start. Target is combined storage four weeks later. Rain climatology is past-only.
2018-11-05,,,,,,,,,,,0,,,5.05,16.832380952380955,25.038095238095234,10.005238095238095,66.54238095238095,7.1866666666666665,7,9.694839477539062,,,,,,,,,55.82,114.60000000000001,134.92000000000002,11,spring,27.272941176470592,-22.22294117647059,0.0,,,70.0,4,academic_proxy_uuw_2017_recovery_not_gazetted_trigger,2018-11-05,Features use only observations dated on or before week_start. Target is combined storage four weeks later. Rain climatology is past-only.
2018-11-12,,,,,,,,,,,0,,,11.55,22.09,30.85095238095238,15.236666666666666,64.38904761904762,2.74,7,11.080265124638874,,,,,,,,,39.22,112.37666666666667,138.9366666666667,11,spring,26.038333333333338,-14.488333333333337,0.0,,,70.0,4,academic_proxy_uuw_2017_recovery_not_gazetted_trigger,2018-11-12,Features use only observations dated on or before week_start. Target is combined storage four weeks later. Rain climatology is past-only.
2018-11-19,,,,,,,,,,,0,,,12.16,19.96047619047619,29.097619047619048,12.731904761904762,67.23666666666666,6.366666666666667,7,21.727516015370686,,,,,,,,,50.98666666666667,119.81,150.91666666666669,11,spring,25.275789473684213,-13.115789473684213,0.0,,,70.0,4,academic_proxy_uuw_2017_recovery_not_gazetted_trigger,2018-11-19,Features use only observations dated on or before week_start. Target is combined storage four weeks later. Rain climatology is past-only.
2018-11-26,,,,,,,,,,,0,,,25.95,20.860476190476188,29.970476190476187,13.77095238095238,63.95857142857143,10.263333333333334,7,19.483725984891255,,,,,,,,,54.71,131.78,164.61000000000004,11,spring,24.620000000000005,1.3299999999999947,0.0,,,70.0,4,academic_proxy_uuw_2017_recovery_not_gazetted_trigger,2018-11-26,Features use only observations dated on or before week_start. Target is combined storage four weeks later. Rain climatology is past-only.
2018-12-03,,,,,,,,,,,0,,,41.093333333333334,21.553809523809523,30.703809523809525,14.967619047619047,71.3247619047619,9.503333333333334,7,37.631884932518005,,,,,,,,,90.75333333333333,146.57333333333332,205.35333333333335,12,summer,30.701372549019606,10.391960784313728,0.0,59.67975108427125,1.0,70.0,4,academic_proxy_uuw_2017_recovery_not_gazetted_trigger,2018-12-03,Features use only observations dated on or before week_start. Target is combined storage four weeks later. Rain climatology is past-only.
2018-12-10,,,,,,,,,,,0,,,18.316666666666666,20.240000000000002,28.562380952380952,14.013809523809524,72.44666666666667,29.700000000000003,7,17.084616661071777,,,,,,,,,97.52,136.74,209.8966666666667,12,summer,31.2787037037037,-12.962037037037035,0.0,59.23914084912976,1.0,70.0,4,academic_proxy_uuw_2017_recovery_not_gazetted_trigger,2018-12-10,Features use only observations dated on or before week_start. Target is combined storage four weeks later. Rain climatology is past-only.
2018-12-17,,,,,,,,,,,0,,,40.64,22.343333333333334,30.636190476190475,16.652380952380952,69.65904761904763,22.86,7,34.619377533594765,,,,,,,,,126.0,176.98666666666665,245.81000000000003,12,summer,30.596491228070178,10.043508771929822,0.0,58.60617080080261,1.0,70.0,4,academic_proxy_uuw_2017_recovery_not_gazetted_trigger,2018-12-17,Features use only observations dated on or before week_start. Target is combined storage four weeks later. Rain climatology is past-only.
2018-12-24,,,,,,,,,,,0,,,22.306666666666665,22.28809523809524,30.174285714285713,16.679523809523808,75.04190476190476,25.68,7,34.28864651918411,,,,,,,,,122.35666666666668,177.06666666666666,254.13666666666668,12,summer,31.098666666666666,-8.792000000000002,0.0,57.89580985405436,1.0,70.0,4,academic_proxy_uuw_2017_recovery_not_gazetted_trigger,2018-12-24,Features use only observations dated on or before week_start. Target is combined storage four weeks later. Rain climatology is past-only.
2018-12-31,93.75289214589024,220.7130586898548,34.159422296349824,97.57297384729362,81.23170909468544,18.878249193604894,59.89962933155075,142.20172003310148,50.44886923218332,70.22482597119918,5,549.590827735054,59.67975108427125,24.006666666666668,20.12238095238095,26.40761904761905,15.409047619047621,78.01333333333334,18.256666666666668,7,21.54542358716329,,,,,,,,,105.27000000000001,196.02333333333334,251.84333333333336,12,summer,30.68,-6.673333333333332,0.0,57.676184503446486,1.0,70.0,4,academic_proxy_uuw_2017_recovery_not_gazetted_trigger,2018-12-31,Features use only observations dated on or before week_start. Target is combined storage four weeks later. Rain climatology is past-only.
2019-01-07,93.68108573233847,220.54401203107122,33.57237182571804,95.89612288298099,81.22767654359913,18.877312028732437,59.656130281829334,141.62365328906284,49.27596828145725,68.5921478477885,5,545.533248079636,59.23914084912976,37.34,21.85333333333333,30.703333333333337,15.284761904761906,69.09857142857143,40.91,7,16.468257745107014,59.67975108427125,,,,-0.44061023514149156,,,,124.29333333333334,221.81333333333333,261.03333333333336,1,summer,39.60962962962962,-2.2696296296296197,0.0,57.97831155530488,1.0,70.0,4,academic_proxy_uuw_2017_recovery_not_gazetted_trigger,2019-01-07,Features use only observations dated on or before week_start. Target is combined storage four weeks later. Rain climatology is past-only.
2019-01-14,93.27854377242673,219.596347749047,32.80730586818378,93.71078848188016,80.69123440698365,18.752642876183,59.10951570359406,140.32599028033232,48.360960860020654,67.31845751714874,5,539.7042269045912,58.60617080080261,35.01,20.805238095238092,27.68619047619048,15.653809523809525,77.51904761904761,25.306666666666665,7,6.819263458251953,59.23914084912976,,,,-0.6329700483271523,,,,118.66333333333333,244.66333333333333,295.65000000000003,1,summer,39.49017543859649,-4.48017543859649,0.0,61.293325398978844,1.0,70.0,4,academic_proxy_uuw_2017_recovery_not_gazetted_trigger,2019-01-14,Features use only observations dated on or before week_start. Target is combined storage four weeks later. Rain climatology is past-only.
2019-01-21,92.90173413262147,218.70926249501747,31.982301829199507,91.35424694492546,80.34194601156605,18.671468253087948,58.6189930626639,139.1614895307641,46.88652709927558,65.2660457221916,5,533.1625129459866,57.89580985405436,47.050000000000004,19.60809523809524,27.425238095238097,14.083809523809524,73.69714285714285,20.14666666666667,7,4.787303606669108,58.60617080080261,,,,-0.7103609467482457,,,,143.40666666666667,265.7633333333333,320.47333333333336,1,summer,39.26616666666666,7.783833333333341,0.0,62.93011796166683,1.0,70.0,4,academic_proxy_uuw_2017_recovery_not_gazetted_trigger,2019-01-21,Features use only observations dated on or before week_start. Target is combined storage four weeks later. Rain climatology is past-only.
2019-01-28,92.85809719592363,218.6065324186434,31.45465600082228,89.84707940074875,81.13394794841574,18.855529503211816,58.50589386346602,138.89299203186835,46.65075412195863,64.9378497377664,5,531.1399830922387,57.676184503446486,55.736666666666665,20.99285714285714,27.298571428571428,16.231428571428573,81.34,33.13333333333333,7,80.50896120071411,57.89580985405436,59.67975108427125,,,-0.21962535060787758,-2.003566580824767,,,175.13666666666666,280.4066666666667,371.16,1,summer,39.636825396825394,16.09984126984127,0.0,63.75308962269597,1.0,70.0,4,academic_proxy_uuw_2017_recovery_not_gazetted_trigger,2019-01-28,Features use only observations dated on or before week_start. Target is combined storage four weeks later. Rain climatology is past-only.
2019-02-04,93.51098320303679,220.1435566565892,30.90573475832031,88.27914076366613,82.33481675077823,19.13461141288086,58.83567532072209,139.67589321139425,47.90881398582773,66.68906906827219,5,533.9222711128026,57.97831155530488,20.85666666666667,20.73428571428571,26.949047619047615,16.058095238095238,79.87857142857142,41.43666666666667,7,21.148475329081215,57.676184503446486,59.23914084912976,,,0.30212705185839184,-1.2608292938248837,,,158.65333333333334,282.9466666666667,380.4666666666667,2,summer,34.77725490196079,-13.920588235294119,0.0,,,70.0,4,academic_proxy_uuw_2017_recovery_not_gazetted_trigger,2019-02-04,Features use only observations dated on or before week_start. Target is combined storage four weeks later. Rain climatology is past-only.
2019-02-11,96.9013188222474,228.12508477133483,32.295285676026154,92.2482540050011,89.23222020858044,20.737567976474093,62.5454573371039,148.48291571828466,53.776157419613185,74.85641112810154,5,564.4502335991962,61.293325398978844,99.09,20.301904761904762,25.32809523809524,16.756666666666668,86.44285714285714,44.64,7,49.179615656534835,57.97831155530488,58.60617080080261,,,3.3150138436739667,2.6871545981762353,,,222.73333333333335,341.39666666666665,467.3966666666667,2,summer,34.003888888888895,65.08611111111111,0.0,,,70.0,4,academic_proxy_uuw_2017_recovery_not_gazetted_trigger,2019-02-11,Features use only observations dated on or before week_start. Target is combined storage four weeks later. Rain climatology is past-only.
2019-02-18,98.93089143628568,232.90310461930375,33.55643507022541,95.85060113459187,91.64260740960744,21.297741961992763,63.23217464053358,150.11318259662673,57.01065085953641,79.35882599647468,5,579.5234563089898,62.93011796166683,28.91333333333333,20.118095238095236,26.651904761904763,14.78238095238095,80.28285714285714,60.58333333333333,7,29.530012448628746,61.293325398978844,57.89580985405436,,,1.6367925626879867,5.034308107612468,,,204.59666666666666,348.00333333333333,470.36000000000007,2,summer,37.42947368421053,-8.516140350877198,0.0,,,70.0,4,academic_proxy_uuw_2017_recovery_not_gazetted_trigger,2019-02-18,Features use only observations dated on or before week_start. Target is combined storage four weeks later. Rain climatology is past-only.
2019-02-25,99.94711741638497,235.29550382165348,33.84773070689456,96.68265799117361,91.1304085471938,21.17870694636784,63.5126413335817,150.77901052592296,59.74592173152971,83.16632305028935,5,587.1022023354071,63.75308962269597,11.383333333333333,20.197619047619046,27.35809523809524,15.287619047619048,79.92999999999999,48.013333333333335,7,0.7434978087743124,62.93011796166683,57.676184503446486,59.67975108427125,,0.8229716610291362,6.076905119249481,4.073338538424714,,160.24333333333334,335.38,440.65000000000003,2,summer,37.00366666666667,-25.620333333333335,0.0,,,70.0,4,academic_proxy_uuw_2017_recovery_not_gazetted_trigger,2019-02-25,Features use only observations dated on or before week_start. Target is combined storage four weeks later. Rain climatology is past-only.
2019-03-04,,,,,,,,,,,0,,,62.94,20.962857142857143,27.49952380952381,16.12333333333333,80.49476190476192,34.63666666666667,7,42.78780277570088,63.75308962269597,57.97831155530488,59.23914084912976,,,,,,202.32666666666665,360.97999999999996,485.27333333333337,3,autumn,24.799841269841274,38.140158730158724,0.0,,,70.0,4,academic_proxy_uuw_2017_recovery_not_gazetted_trigger,2019-03-04,Features use only observations dated on or before week_start. Target is combined storage four weeks later. Rain climatology is past-only.
2019-03-11,,,,,,,,,,,0,,,32.02333333333333,20.979047619047616,26.519523809523808,16.711428571428574,84.50142857142858,53.99,7,14.159117738405865,,61.293325398978844,58.60617080080261,,,,,,135.26,357.99333333333334,476.6566666666667,3,autumn,26.53348484848485,5.489848484848483,0.0,,,70.0,4,academic_proxy_uuw_2017_recovery_not_gazetted_trigger,2019-03-11,Features use only observations dated on or before week_start. Target is combined storage four weeks later. Rain climatology is past-only.
2019-03-18,,,,,,,,,,,0,,,39.06333333333333,19.92666666666667,25.448571428571427,16.09857142857143,85.07809523809523,38.43,7,66.80412395795187,,62.93011796166683,57.89580985405436,,,,,,145.41,350.0066666666667,493.41333333333336,3,autumn,26.772173913043478,12.291159420289855,0.0,,,70.0,4,academic_proxy_uuw_2017_recovery_not_gazetted_trigger,2019-03-18,Features use only observations dated on or before week_start. Target is combined storage four weeks later. Rain climatology is past-only.
2019-03-25,,,,,,,,,,,0,,,9.573333333333334,18.985238095238095,25.54095238095238,14.283809523809524,79.8952380952381,45.07,7,3.0634633700052896,,63.75308962269597,57.676184503446486,59.67975108427125,,,,,143.60000000000002,303.84333333333336,478.98,3,autumn,27.28430555555555,-17.710972222222217,0.0,,,70.0,4,academic_proxy_uuw_2017_recovery_not_gazetted_trigger,2019-03-25,Features use only observations dated on or before week_start. Target is combined storage four weeks later. Rain climatology is past-only.
2019-04-01,,,,,,,,,,,0,,,29.76,16.79809523809524,22.69333333333333,12.178095238095239,82.03476190476191,23.98,7,30.400152285893757,,,57.97831155530488,59.23914084912976,,,,,110.42,312.74666666666667,471.4,4,autumn,8.804603174603175,20.955396825396825,0.0,,,70.0,4,academic_proxy_uuw_2017_recovery_not_gazetted_trigger,2019-04-01,Features use only observations dated on or before week_start. Target is combined storage four weeks later. Rain climatology is past-only.
2019-04-08,,,,,,,,,,,0,,,16.1,18.309523809523807,24.63904761904762,14.073333333333334,81.29666666666667,34.13666666666667,7,19.972186525662742,,,61.293325398978844,58.60617080080261,,,,,94.49666666666667,229.75666666666666,452.49,4,autumn,9.757121212121213,6.342878787878789,0.0,,,70.0,4,academic_proxy_uuw_2017_recovery_not_gazetted_trigger,2019-04-08,Features use only observations dated on or before week_start. Target is combined storage four weeks later. Rain climatology is past-only.
2019-04-15,,,,,,,,,,,0,,,26.706666666666663,16.667142857142856,22.948571428571427,12.333333333333332,82.21285714285715,21.94333333333333,7,18.637765288352966,,,62.93011796166683,57.89580985405436,,,,,82.14,227.55,432.1466666666667,4,autumn,10.032898550724637,16.673768115942025,0.0,,,70.0,4,academic_proxy_uuw_2017_recovery_not_gazetted_trigger,2019-04-15,Features use only observations dated on or before week_start. Target is combined storage four weeks later. Rain climatology is past-only.
2019-04-22,,,,,,,,,,,0,,,52.443333333333335,16.009047619047617,21.46142857142857,12.003333333333334,85.51666666666667,28.923333333333332,7,19.315541972716648,,,63.75308962269597,57.676184503446486,,,,,125.00999999999999,268.61,428.85333333333335,4,autumn,10.72763888888889,41.715694444444445,0.0,,,70.0,4,academic_proxy_uuw_2017_recovery_not_gazetted_trigger,2019-04-22,Features use only observations dated on or before week_start. Target is combined storage four weeks later. Rain climatology is past-only.
2019-04-29,,,,,,,,,,,0,,,0.67,17.791428571428572,24.95904761904762,12.471428571428572,69.36952380952381,35.093333333333334,7,1.477129379908244,,,,57.97831155530488,,,,,95.92,206.34,408.6666666666667,4,autumn,12.396266666666667,-11.726266666666668,1.0,,,70.0,4,academic_proxy_uuw_2017_recovery_not_gazetted_trigger,2019-04-29,Features use only observations dated on or before week_start. Target is combined storage four weeks later. Rain climatology is past-only.
2019-05-06,,,,,,,,,,,0,,,1.9,16.142857142857142,23.41857142857143,10.776666666666667,68.62,21.19,7,4.387011965115865,,,,61.293325398978844,,,,,81.72,176.21666666666667,311.47666666666674,5,autumn,12.24939393939394,-10.34939393939394,2.0,,,70.0,4,academic_proxy_uuw_2017_recovery_not_gazetted_trigger,2019-05-06,Features use only observations dated on or before week_start. Target is combined storage four weeks later. Rain climatology is past-only.
2019-05-13,,,,,,,,,,,0,,,0.1366666666666667,17.38142857142857,25.335714285714285,12.133809523809523,62.90952380952381,15.806666666666667,7,0.0,,,,62.93011796166683,,,,,55.15,137.29000000000002,282.70000000000005,5,autumn,11.799420289855073,-11.662753623188406,3.0,,,70.0,4,academic_proxy_uuw_2017_recovery_not_gazetted_trigger,2019-05-13,Features use only observations dated on or before week_start. Target is combined storage four weeks later. Rain climatology is past-only.
2019-05-20,,,,,,,,,,,0,,,0.05666666666666667,15.54761904761905,23.478571428571428,10.113809523809524,63.56333333333333,10.806666666666667,7,0.0,,,,63.75308962269597,,,,,2.763333333333333,127.77333333333334,271.3733333333334,5,autumn,11.313472222222222,-11.256805555555555,4.0,,,70.0,4,academic_proxy_uuw_2017_recovery_not_gazetted_trigger,2019-05-20,Features use only observations dated on or before week_start. Target is combined storage four weeks later. Rain climatology is past-only.
2019-05-27,,,,,,,,,,,0,,,3.51,13.565714285714284,20.77857142857143,8.912380952380952,68.70333333333333,7.653333333333333,7,10.306979020436604,,,,,,,,,5.6033333333333335,101.52333333333333,211.94333333333338,5,autumn,10.863199999999999,-7.353199999999999,5.0,,,70.0,4,academic_proxy_uuw_2017_recovery_not_gazetted_trigger,2019-05-27,Features use only observations dated on or before week_start. Target is combined storage four weeks later. Rain climatology is past-only.
2019-06-03,,,,,,,,,,,0,,,4.546666666666666,13.375714285714286,21.148571428571426,8.567142857142857,64.86142857142856,6.41,7,8.110260983308157,,,,,,,,,8.249999999999998,89.96999999999998,184.4666666666667,6,winter,1.4503030303030302,3.0963636363636358,6.0,,,70.0,4,academic_proxy_uuw_2017_recovery_not_gazetted_trigger,2019-06-03,Features use only observations dated on or before week_start. Target is combined storage four weeks later. Rain climatology is past-only.
2019-06-10,,,,,,,,,,,0,,,3.12,12.739999999999998,21.46238095238095,7.216666666666667,58.61190476190477,6.916666666666667,7,2.8707349233661716,,,,,,,,,11.23333333333333,66.38333333333334,148.52333333333337,6,winter,1.584927536231884,1.5350724637681161,7.0,,,70.0,4,academic_proxy_uuw_2017_recovery_not_gazetted_trigger,2019-06-10,Features use only observations dated on or before week_start. Target is combined storage four weeks later. Rain climatology is past-only.
2019-06-17,,,,,,,,,,,0,,,0.08666666666666667,13.219047619047618,22.091904761904765,7.36952380952381,53.4,5.943333333333333,7,0.0,,,,,,,,,11.263333333333332,14.026666666666666,139.0366666666667,6,winter,1.6488888888888888,-1.5622222222222222,8.0,,,70.0,4,academic_proxy_uuw_2017_recovery_not_gazetted_trigger,2019-06-17,Features use only observations dated on or before week_start. Target is combined storage four weeks later. Rain climatology is past-only.
2019-06-24,,,,,,,,,,,0,,,0.2766666666666667,13.823809523809524,22.263333333333332,8.192857142857143,59.815238095238094,4.623333333333333,7,0.0,,,,,,,,,8.03,13.633333333333333,109.55333333333336,6,winter,1.5863999999999998,-1.309733333333333,9.0,,,70.0,4,academic_proxy_uuw_2017_recovery_not_gazetted_trigger,2019-06-24,Features use only observations dated on or before week_start. Target is combined storage four weeks later. Rain climatology is past-only.
2019-07-01,,,,,,,,,,,0,,,2.296666666666667,12.173809523809524,21.260952380952382,6.044761904761905,53.20666666666666,3.5733333333333333,7,3.220257600148519,,,,,,,,,5.779999999999999,14.029999999999998,95.75000000000001,7,winter,7.741363636363636,-5.444696969696969,10.0,,,70.0,4,academic_proxy_uuw_2017_recovery_not_gazetted_trigger,2019-07-01,Features use only observations dated on or before week_start. Target is combined storage four weeks later. Rain climatology is past-only.
2019-07-08,,,,,,,,,,,0,,,0.42666666666666664,14.25095238095238,23.7,8.275238095238095,53.9547619047619,3.4433333333333334,7,1.4810226758321126,,,,,,,,,3.086666666666666,14.319999999999999,69.47000000000003,7,winter,7.504637681159421,-7.077971014492754,11.0,,,70.0,4,academic_proxy_uuw_2017_recovery_not_gazetted_trigger,2019-07-08,Features use only observations dated on or before week_start. Target is combined storage four weeks later. Rain climatology is past-only.
2019-07-15,,,,,,,,,,,0,,,0.7066666666666667,13.355238095238095,22.114285714285717,7.001904761904761,45.97047619047619,2.76,7,0.7456336816151937,,,,,,,,,3.7066666666666657,14.969999999999999,17.73333333333336,7,winter,7.209722222222221,-6.503055555555554,12.0,,,70.0,4,academic_proxy_uuw_2017_recovery_not_gazetted_trigger,2019-07-15,Features use only observations dated on or before week_start. Target is combined storage four weeks later. Rain climatology is past-only.
2019-07-22,,,,,,,,,,,0,,,0.03666666666666667,13.825238095238095,24.054285714285715,6.096666666666666,40.66666666666667,2.1,7,0.0,,,,,,,,,3.466666666666666,11.496666666666666,17.100000000000026,7,winter,6.949599999999999,-6.912933333333332,13.0,,,70.0,4,academic_proxy_uuw_2017_recovery_not_gazetted_trigger,2019-07-22,Features use only observations dated on or before week_start. Target is combined storage four weeks later. Rain climatology is past-only.
2019-07-29,,,,,,,,,,,0,,,0.5733333333333333,15.461904761904762,25.001904761904765,9.165238095238095,51.95952380952381,1.3933333333333333,7,6.8834019502003985,,,,,,,,,1.7433333333333323,7.523333333333333,15.77333333333336,7,winter,6.683717948717947,-6.110384615384614,14.0,,,70.0,4,academic_proxy_uuw_2017_recovery_not_gazetted_trigger,2019-07-29,Features use only observations dated on or before week_start. Target is combined storage four weeks later. Rain climatology is past-only.
2019-08-05,,,,,,,,,,,0,,,1.2233333333333334,15.416666666666668,24.986190476190476,9.067142857142857,58.29666666666667,1.08,7,3.046771844228109,,,,,,,,,2.539999999999999,5.626666666666667,16.860000000000028,8,winter,5.229242424242424,-4.00590909090909,15.0,,,70.0,4,academic_proxy_uuw_2017_recovery_not_gazetted_trigger,2019-08-05,Features use only observations dated on or before week_start. Target is combined storage four weeks later. Rain climatology is past-only.
2019-08-12,,,,,,,,,,,0,,,4.98,14.98904761904762,24.535238095238096,8.778571428571428,62.74619047619048,1.0066666666666668,7,0.81167205174764,,,,,,,,,6.813333333333333,10.52,21.783333333333363,8,winter,5.0550724637681155,-0.07507246376811505,16.0,,,70.0,4,academic_proxy_uuw_2017_recovery_not_gazetted_trigger,2019-08-12,Features use only observations dated on or before week_start. Target is combined storage four weeks later. Rain climatology is past-only.
2019-08-19,,,,,,,,,,,0,,,0.23333333333333334,16.423809523809524,26.036666666666665,9.295238095238094,43.889523809523816,1.27,7,2.169402758280436,,,,,,,,,7.009999999999999,10.476666666666667,18.506666666666693,8,winter,5.051944444444445,-4.818611111111111,17.0,,,70.0,4,academic_proxy_uuw_2017_recovery_not_gazetted_trigger,2019-08-19,Features use only observations dated on or before week_start. Target is combined storage four weeks later. Rain climatology is past-only.
2019-08-26,,,,,,,,,,,0,,,8.41,14.397619047619047,23.124285714285715,8.682857142857143,68.92142857142856,0.6933333333333334,7,0.0,,,,,,,,,14.846666666666666,16.59,22.37000000000003,8,winter,4.8592,3.5507999999999997,0.0,,,70.0,4,academic_proxy_uuw_2017_recovery_not_gazetted_trigger,2019-08-26,Features use only observations dated on or before week_start. Target is combined storage four weeks later. Rain climatology is past-only.
2019-09-02,,,,,,,,,,,0,,,23.346666666666664,14.282857142857141,22.050952380952378,8.576190476190478,65.98190476190476,2.77,7,13.004325548807781,,,,,,,,,36.97,39.51,42.59666666666669,9,spring,12.16968253968254,11.176984126984124,0.0,,,70.0,4,academic_proxy_uuw_2017_recovery_not_gazetted_trigger,2019-09-02,Features use only observations dated on or before week_start. Target is combined storage four weeks later. Rain climatology is past-only.
2019-09-09,,,,,,,,,,,0,,,1.2533333333333334,16.990000000000002,26.781904761904762,10.22952380952381,57.97238095238095,5.263333333333334,7,1.917219082514445,,,,,,,,,33.24333333333333,40.056666666666665,43.76333333333336,9,spring,12.677727272727271,-11.424393939393937,1.0,,,70.0,4,academic_proxy_uuw_2017_recovery_not_gazetted_trigger,2019-09-09,Features use only observations dated on or before week_start. Target is combined storage four weeks later. Rain climatology is past-only.
2019-09-16,,,,,,,,,,,0,,,2.4833333333333334,21.327619047619045,31.214285714285715,14.26952380952381,54.06619047619047,2.236666666666667,7,0.6391021013259888,,,,,,,,,35.49333333333333,42.50333333333333,45.97000000000003,9,spring,12.181014492753622,-9.697681159420288,2.0,,,70.0,4,academic_proxy_uuw_2017_recovery_not_gazetted_trigger,2019-09-16,Features use only observations dated on or before week_start. Target is combined storage four weeks later. Rain climatology is past-only.
2019-09-23,,,,,,,,,,,0,,,6.15,15.21095238095238,24.49238095238095,8.08,51.73238095238095,1.29,7,0.0,,,,,,,,,33.233333333333334,48.08,49.823333333333366,9,spring,11.776944444444444,-5.626944444444444,0.0,,,70.0,4,academic_proxy_uuw_2017_recovery_not_gazetted_trigger,2019-09-23,Features use only observations dated on or before week_start. Target is combined storage four weeks later. Rain climatology is past-only.
2019-09-30,,,,,,,,,,,0,,,16.463333333333335,17.642380952380954,26.637142857142855,10.559523809523808,62.62761904761904,3.336666666666667,7,7.851245562235515,,,,,,,,,26.350000000000005,63.32,65.86000000000003,9,spring,11.551866666666665,4.911466666666669,0.0,,,70.0,4,academic_proxy_uuw_2017_recovery_not_gazetted_trigger,2019-09-30,Features use only observations dated on or before week_start. Target is combined storage four weeks later. Rain climatology is past-only.
2019-10-07,,,,,,,,,,,0,,,11.256666666666666,18.126190476190477,27.84238095238095,11.134285714285713,64.28952380952381,1.6266666666666667,7,5.3712741533915205,,,,,,,,,36.35333333333334,69.59666666666666,76.41000000000003,10,spring,20.113188405797104,-8.856521739130438,0.0,,,70.0,4,academic_proxy_uuw_2017_recovery_not_gazetted_trigger,2019-10-07,Features use only observations dated on or before week_start. Target is combined storage four weeks later. Rain climatology is past-only.
2019-10-14,,,,,,,,,,,0,,,1.8633333333333333,22.191904761904762,32.66809523809524,14.284761904761904,52.41047619047619,1.0933333333333333,7,11.527783552805582,,,,,,,,,35.733333333333334,71.22666666666666,78.2366666666667,10,spring,19.744166666666665,-17.88083333333333,1.0,,,70.0,4,academic_proxy_uuw_2017_recovery_not_gazetted_trigger,2019-10-14,Features use only observations dated on or before week_start. Target is combined storage four weeks later. Rain climatology is past-only.
2019-10-21,,,,,,,,,,,0,,,9.1,19.96666666666667,31.46761904761905,12.148095238095237,58.02238095238095,1.1533333333333333,7,6.168758591016134,,,,,,,,,38.68333333333334,71.91666666666666,86.76333333333336,10,spring,19.02893333333333,-9.928933333333331,0.0,,,70.0,4,academic_proxy_uuw_2017_recovery_not_gazetted_trigger,2019-10-21,Features use only observations dated on or before week_start. Target is combined storage four weeks later. Rain climatology is past-only.
2019-10-28,,,,,,,,,,,0,,,15.173333333333332,18.213809523809523,26.811904761904763,12.200952380952382,64.50761904761904,3.0533333333333337,7,11.965697367986044,,,,,,,,,37.39333333333333,63.74333333333333,100.71333333333335,10,spring,18.647051282051283,-3.473717948717951,0.0,,,70.0,4,academic_proxy_uuw_2017_recovery_not_gazetted_trigger,2019-10-28,Features use only observations dated on or before week_start. Target is combined storage four weeks later. Rain climatology is past-only.
2019-11-04,,,,,,,,,,,0,,,50.61333333333334,19.66904761904762,28.975714285714282,13.82904761904762,71.34,4.206666666666667,7,36.13209267457326,,,,,,,,,76.75,113.10333333333334,146.3466666666667,11,spring,24.68333333333334,25.929999999999996,0.0,,,70.0,4,academic_proxy_uuw_2017_recovery_not_gazetted_trigger,2019-11-04,Features use only observations dated on or before week_start. Target is combined storage four weeks later. Rain climatology is past-only.
2019-11-11,,,,,,,,,,,0,,,67.93333333333334,17.93952380952381,24.54095238095238,13.642380952380952,83.07095238095238,27.106666666666666,7,45.204632778962456,,,,,,,,,142.82,178.55333333333334,214.04666666666668,11,spring,25.861969696969705,42.07136363636363,0.0,,,70.0,4,academic_proxy_uuw_2017_recovery_not_gazetted_trigger,2019-11-11,Features use only observations dated on or before week_start. Target is combined storage four weeks later. Rain climatology is past-only.
2019-11-18,,,,,,,,,,,0,,,15.183333333333334,18.59857142857143,27.147142857142857,12.912380952380953,77.6552380952381,27.433333333333334,7,27.49451494216919,,,,,,,,,148.90333333333334,187.58666666666667,220.82000000000002,11,spring,27.69115942028986,-12.507826086956527,0.0,,,70.0,4,academic_proxy_uuw_2017_recovery_not_gazetted_trigger,2019-11-18,Features use only observations dated on or before week_start. Target is combined storage four weeks later. Rain climatology is past-only.
2019-11-25,,,,,,,,,,,0,,,7.6466666666666665,23.108571428571427,33.41095238095238,15.734761904761905,66.47999999999999,20.393333333333334,7,4.139355977376302,,,,,,,,,141.37666666666667,178.77,205.12000000000003,11,spring,27.17,-19.523333333333333,0.0,,,70.0,4,academic_proxy_uuw_2017_recovery_not_gazetted_trigger,2019-11-25,Features use only observations dated on or before week_start. Target is combined storage four weeks later. Rain climatology is past-only.
2019-12-02,,,,,,,,,,,0,,,49.343333333333334,18.804285714285715,26.310476190476187,12.480952380952383,69.92666666666666,19.366666666666667,7,38.97729810078939,,,,,,,,,140.10666666666668,216.85666666666668,253.21000000000004,12,summer,30.376666666666665,18.96666666666667,0.0,56.666309697273185,1.0,70.0,4,academic_proxy_uuw_2017_recovery_not_gazetted_trigger,2019-12-02,Features use only observations dated on or before week_start. Target is combined storage four weeks later. Rain climatology is past-only.
2019-12-09,,,,,,,,,,,0,,,75.11333333333333,17.245238095238097,22.907142857142862,12.905238095238095,83.46666666666667,35.17,7,25.70445720354716,,,,,,,,,147.28666666666666,290.1066666666667,325.84000000000003,12,summer,31.20130434782609,43.91202898550724,0.0,57.06051218532293,1.0,70.0,4,academic_proxy_uuw_2017_recovery_not_gazetted_trigger,2019-12-09,Features use only observations dated on or before week_start. Target is combined storage four weeks later. Rain climatology is past-only.
2019-12-16,,,,,,,,,,,0,,,12.256666666666668,20.822857142857142,29.76571428571429,13.821428571428571,69.63809523809525,45.48,7,27.954139153162636,,,,,,,,,144.35999999999999,293.2633333333334,331.94666666666666,12,summer,33.030972222222225,-20.774305555555557,0.0,57.98376321880809,1.0,70.0,4,academic_proxy_uuw_2017_recovery_not_gazetted_trigger,2019-12-16,Features use only observations dated on or before week_start. Target is combined storage four weeks later. Rain climatology is past-only.
2019-12-23,,,,,,,,,,,0,,,10.55,22.01666666666667,29.32523809523809,15.984285714285713,72.03476190476191,21.59,7,20.473846713701885,,,,,,,,,147.26333333333332,288.64,326.03333333333336,12,summer,32.2,-21.650000000000002,0.0,59.93703919601798,1.0,70.0,4,academic_proxy_uuw_2017_recovery_not_gazetted_trigger,2019-12-23,Features use only observations dated on or before week_start. Target is combined storage four weeks later. Rain climatology is past-only.
2019-12-30,89.5704629031222,210.8667837665303,29.14860028218268,83.2600618460266,79.34893671033963,18.44069289148293,69.0708794560773,163.9742678287275,32.5418388429752,45.298239669421484,5,521.8400460021887,56.666309697273185,19.883333333333333,23.267619047619046,31.42761904761905,17.234761904761903,73.61142857142856,24.73,7,15.279733399550121,,,,,,,,,117.80333333333333,257.91,334.66,12,summer,31.36730769230769,-11.483974358974358,0.0,60.268147552150744,1.0,70.0,4,academic_proxy_uuw_2017_recovery_not_gazetted_trigger,2019-12-30,Features use only observations dated on or before week_start. Target is combined storage four weeks later. Rain climatology is past-only.
2020-01-06,89.82329967129225,211.46201208615622,28.709878189249746,82.00689605977297,83.59716942257981,19.427982173807546,69.28808761101789,164.48991998855647,34.54270575168509,48.083446406345644,5,525.4702567146388,57.06051218532293,26.723333333333336,22.427142857142858,28.92095238095238,17.774761904761906,77.77761904761905,18.28666666666667,7,27.096287091573082,56.666309697273185,,,,0.3942024880497428,,,,69.41333333333334,216.7,359.52000000000004,1,summer,40.36863636363636,-13.645303030303026,0.0,61.46557530330448,1.0,70.0,4,academic_proxy_uuw_2017_recovery_not_gazetted_trigger,2020-01-06,Features use only observations dated on or before week_start. Target is combined storage four weeks later. Rain climatology is past-only.
2020-01-13,90.91900483291005,214.04152117763684,28.432445915502033,81.21443851304001,91.03379732644676,21.156254498666225,69.93277004795488,166.02039609384485,37.02576522903435,51.539865198815804,5,533.9724754820037,57.98376321880809,25.016666666666666,21.76809523809524,28.244761904761905,16.557142857142857,76.02619047619046,25.603333333333335,7,33.01644357045491,57.06051218532293,,,,0.9232510334851654,,,,82.17333333333333,226.53333333333333,375.4366666666667,1,summer,39.77536231884058,-14.758695652173913,0.0,63.62670295615321,1.0,70.0,4,academic_proxy_uuw_2017_recovery_not_gazetted_trigger,2020-01-13,Features use only observations dated on or before week_start. Target is combined storage four weeks later. Rain climatology is past-only.
2020-01-20,92.34715374270114,217.403669341067,29.52458606824782,84.33402764534307,97.40409370949259,22.636711378086073,72.73986614445059,172.6844422269257,39.44062023326701,54.90134336470767,5,551.9601939561295,59.93703919601798,35.85333333333334,19.872857142857146,27.06857142857143,14.503809523809524,77.49333333333334,31.453333333333333,7,4.099139213562012,57.98376321880809,,,,1.9532759772098842,,,,107.47666666666667,254.74,396.11666666666673,1,summer,39.16041666666667,-3.307083333333331,0.0,,,70.0,4,academic_proxy_uuw_2017_recovery_not_gazetted_trigger,2020-01-20,Features use only observations dated on or before week_start. Target is combined storage four weeks later. Rain climatology is past-only.
2020-01-27,92.1791960459237,217.00826333131357,29.895481575729193,85.39345357291286,94.39622190441872,21.937681970586908,73.37421978284584,174.19039776447605,40.57440673022044,56.47957416846684,5,555.0093708077562,60.268147552150744,9.486666666666666,21.940952380952382,29.88,15.50904761904762,68.73809523809524,24.033333333333335,7,13.542909622192383,59.93703919601798,56.666309697273185,,,0.33110835613276635,3.6018378548775587,,,97.08,214.88333333333335,354.99000000000007,1,summer,39.02813333333334,-29.541466666666672,0.0,65.46044100544843,1.0,70.0,4,academic_proxy_uuw_2017_recovery_not_gazetted_trigger,2020-01-27,Features use only observations dated on or before week_start. Target is combined storage four weeks later. Rain climatology is past-only.
2020-02-03,93.11005201560555,219.19968445513857,30.715620756062254,87.73609912761621,88.99991279249807,20.68357973297655,75.55896596802803,179.37698520809857,42.41388968699782,59.04013444430096,5,566.0364829681309,61.46557530330448,97.08666666666667,23.26904761904762,29.96857142857143,18.160476190476192,71.9647619047619,25.506666666666668,7,99.67642784118652,60.268147552150744,57.06051218532293,,,1.1974277511537395,4.405063117981555,,,167.44333333333333,236.85666666666668,384.1433333333334,2,summer,35.78365079365079,61.30301587301588,0.0,,,70.0,4,academic_proxy_uuw_2017_recovery_not_gazetted_trigger,2020-02-03,Features use only observations dated on or before week_start. Target is combined storage four weeks later. Rain climatology is past-only.
2020-02-10,94.51742446238448,222.51292066934553,31.924284968702214,91.18852758460099,87.64800560870698,20.369396503463502,77.295048109672,183.49844421236133,49.11567424816345,68.36901855344352,5,585.9383075232149,63.62670295615321,16.810000000000002,21.082857142857144,27.347619047619048,16.134761904761906,74.14904761904761,58.86333333333333,7,0.0,61.46557530330448,57.98376321880809,,,2.1611276528487267,5.642939737345117,,,159.23666666666668,241.41000000000003,385.77000000000004,2,summer,38.570151515151515,-21.760151515151513,0.0,,,70.0,4,academic_proxy_uuw_2017_recovery_not_gazetted_trigger,2020-02-10,Features use only observations dated on or before week_start. Target is combined storage four weeks later. Rain climatology is past-only.
2020-02-17,95.13697278427965,223.97146132875113,32.16899148758294,91.88750728513193,,,78.5936952106822,186.58143243015954,54.33625727986939,75.63607013357819,4,,,50.16666666666667,20.76095238095238,26.705714285714286,16.44047619047619,81.52761904761905,37.99,7,17.544562021891277,63.62670295615321,59.93703919601798,,,,,,,173.55,281.0266666666667,428.2900000000001,2,summer,37.6240579710145,12.54260869565217,0.0,,,70.0,4,academic_proxy_uuw_2017_recovery_not_gazetted_trigger,2020-02-17,Features use only observations dated on or before week_start. Target is combined storage four weeks later. Rain climatology is past-only.
2020-02-24,95.3804075641125,224.54455548743366,31.943748718951852,91.24412384081405,88.19848569712158,20.497328076011055,79.1797366095189,187.97269471099784,56.441450505688195,78.56649910391796,5,602.8252012191746,65.46044100544843,35.730000000000004,18.083333333333336,24.301904761904762,12.987142857142857,77.15142857142858,34.16666666666667,7,2.1069109439849854,,60.268147552150744,56.666309697273185,,,5.192293453297687,8.794131308175245,,199.79333333333335,296.87333333333333,414.67666666666673,2,summer,38.14666666666667,-2.4166666666666643,0.0,,,70.0,4,academic_proxy_uuw_2017_recovery_not_gazetted_trigger,2020-02-24,Features use only observations dated on or before week_start. Target is combined storage four weeks later. Rain climatology is past-only.
2020-03-02,,,,,95.32824754593764,22.154284729675904,,,,,1,,,6.623333333333333,20.779523809523813,28.246190476190474,14.75952380952381,72.45809523809524,46.35,7,1.242499828338623,65.46044100544843,61.46557530330448,57.06051218532293,,,,,,109.33000000000001,276.7733333333333,346.18666666666667,3,autumn,26.575866666666666,-19.952533333333335,0.0,,,70.0,4,academic_proxy_uuw_2017_recovery_not_gazetted_trigger,2020-03-02,Features use only observations dated on or before week_start. Target is combined storage four weeks later. Rain climatology is past-only.
2020-03-09,,,,,98.54281950590938,22.90135125317334,,,,,1,,,41.38666666666666,20.66761904761905,26.795238095238094,16.064285714285713,80.71428571428571,34.00333333333333,7,38.6547581354777,,63.62670295615321,57.98376321880809,,,,,,133.90666666666667,293.1433333333334,375.3166666666667,3,autumn,25.808461538461536,15.578205128205127,0.0,,,70.0,4,academic_proxy_uuw_2017_recovery_not_gazetted_trigger,2020-03-09,Features use only observations dated on or before week_start. Target is combined storage four weeks later. Rain climatology is past-only.
2020-03-16,,,,,,,,,,,0,,,31.349999999999998,19.43047619047619,25.595714285714287,14.734761904761905,81.06809523809524,38.21333333333333,7,46.69640485445659,,,59.93703919601798,,,,,,115.09,288.64,396.11666666666673,3,autumn,26.38543209876543,4.964567901234567,0.0,,,70.0,4,academic_proxy_uuw_2017_recovery_not_gazetted_trigger,2020-03-16,Features use only observations dated on or before week_start. Target is combined storage four weeks later. Rain climatology is past-only.
2020-03-23,,,,,,,,,,,0,,,12.336666666666666,18.724285714285713,25.644761904761904,13.251904761904763,74.55,34.483333333333334,7,17.941789150238037,,65.46044100544843,60.268147552150744,56.666309697273185,,,,,91.69666666666666,291.49,388.57000000000005,3,autumn,26.562738095238096,-14.22607142857143,0.0,,,70.0,4,academic_proxy_uuw_2017_recovery_not_gazetted_trigger,2020-03-23,Features use only observations dated on or before week_start. Target is combined storage four weeks later. Rain climatology is past-only.
2020-03-30,,,,,,,,,,,0,,,15.273333333333335,17.696666666666665,23.953809523809525,12.745714285714286,74.06285714285715,19.96333333333333,7,4.6878795226414995,,,61.46557530330448,57.06051218532293,,,,,100.34666666666666,209.67666666666668,377.12000000000006,3,autumn,26.07218390804598,-10.798850574712644,0.0,,,70.0,4,academic_proxy_uuw_2017_recovery_not_gazetted_trigger,2020-03-30,Features use only observations dated on or before week_start. Target is combined storage four weeks later. Rain climatology is past-only.
2020-04-06,,,,,,,,,,,0,,,3.7500000000000004,18.18619047619048,25.702380952380956,12.105714285714285,67.93761904761905,18.086666666666666,7,5.163540204366048,,,63.62670295615321,57.98376321880809,,,,,62.71,196.61666666666667,355.8533333333334,4,autumn,11.945256410256412,-8.195256410256412,1.0,,,70.0,4,academic_proxy_uuw_2017_recovery_not_gazetted_trigger,2020-04-06,Features use only observations dated on or before week_start. Target is combined storage four weeks later. Rain climatology is past-only.
2020-04-13,,,,,,,,,,,0,,,60.32000000000001,16.056190476190476,22.479047619047616,11.615714285714287,83.14857142857143,26.169999999999998,7,29.803532520929974,,,,59.93703919601798,,,,,91.68,206.76999999999998,380.32000000000005,4,autumn,11.64172839506173,48.678271604938274,0.0,,,70.0,4,academic_proxy_uuw_2017_recovery_not_gazetted_trigger,2020-04-13,Features use only observations dated on or before week_start. Target is combined storage four weeks later. Rain climatology is past-only.
2020-04-20,,,,,,,,,,,0,,,23.66,16.690476190476193,22.694285714285716,12.474285714285713,81.95095238095237,23.78666666666667,7,14.351144472757976,,,65.46044100544843,60.268147552150744,,,,,103.00333333333333,194.70000000000002,394.4933333333334,4,autumn,13.380238095238097,10.279761904761903,0.0,,,70.0,4,academic_proxy_uuw_2017_recovery_not_gazetted_trigger,2020-04-20,Features use only observations dated on or before week_start. Target is combined storage four weeks later. Rain climatology is past-only.
2020-04-27,,,,,,,,,,,0,,,19.383333333333333,14.605714285714285,21.40047619047619,9.654761904761903,72.91142857142857,27.616666666666667,7,28.520941178003948,,,,61.46557530330448,,,,,107.11333333333334,207.46,316.7900000000001,4,autumn,13.734712643678163,5.64862068965517,0.0,,,70.0,4,academic_proxy_uuw_2017_recovery_not_gazetted_trigger,2020-04-27,Features use only observations dated on or before week_start. Target is combined storage four weeks later. Rain climatology is past-only.
2020-05-04,,,,,,,,,,,0,,,0.7000000000000001,14.965238095238094,22.100952380952382,10.017619047619048,71.66285714285713,20.266666666666666,7,0.0,,,,63.62670295615321,,,,,104.06333333333335,166.77333333333334,300.68,5,autumn,10.580384615384615,-9.880384615384616,1.0,,,70.0,4,academic_proxy_uuw_2017_recovery_not_gazetted_trigger,2020-05-04,Features use only observations dated on or before week_start. Target is combined storage four weeks later. Rain climatology is past-only.
2020-05-11,,,,,,,,,,,0,,,3.79,13.950000000000001,22.17809523809524,8.137619047619047,62.74095238095238,13.496666666666666,7,2.819403568903605,,,,,,,,,47.53333333333333,139.21333333333337,254.3033333333334,5,autumn,10.214444444444442,-6.424444444444442,2.0,,,70.0,4,academic_proxy_uuw_2017_recovery_not_gazetted_trigger,2020-05-11,Features use only observations dated on or before week_start. Target is combined storage four weeks later. Rain climatology is past-only.
2020-05-18,,,,,,,,,,,0,,,0.043333333333333335,15.23,23.4352380952381,9.65857142857143,58.31047619047619,10.396666666666667,7,1.8615280960996947,,,,65.46044100544843,,,,,23.916666666666668,126.92000000000002,218.6166666666667,5,autumn,9.985,-9.941666666666666,3.0,,,70.0,4,academic_proxy_uuw_2017_recovery_not_gazetted_trigger,2020-05-18,Features use only observations dated on or before week_start. Target is combined storage four weeks later. Rain climatology is past-only.
2020-05-25,,,,,,,,,,,0,,,0.29,12.70857142857143,21.126666666666665,6.4,56.65190476190476,6.16,7,4.824979869027933,,,,,,,,,4.823333333333333,111.93666666666667,212.28333333333336,5,autumn,9.642183908045977,-9.352183908045978,4.0,,,70.0,4,academic_proxy_uuw_2017_recovery_not_gazetted_trigger,2020-05-25,Features use only observations dated on or before week_start. Target is combined storage four weeks later. Rain climatology is past-only.
2020-06-01,,,,,,,,,,,0,,,0.10666666666666669,15.291904761904762,23.893809523809523,9.982857142857142,57.28761904761905,5.6,7,4.458693050604779,,,,,,,,,4.23,108.29333333333334,171.0033333333334,6,winter,1.5360256410256408,-1.429358974358974,5.0,,,70.0,4,academic_proxy_uuw_2017_recovery_not_gazetted_trigger,2020-06-01,Features use only observations dated on or before week_start. Target is combined storage four weeks later. Rain climatology is past-only.
2020-06-08,,,,,,,,,,,0,,,0.15333333333333332,11.29809523809524,20.16904761904762,5.198095238095239,48.58380952380952,3.5933333333333333,7,5.295685139119087,,,,,,,,,0.5933333333333333,48.126666666666665,139.80666666666673,6,winter,1.4830864197530862,-1.3297530864197529,6.0,,,70.0,4,academic_proxy_uuw_2017_recovery_not_gazetted_trigger,2020-06-08,Features use only observations dated on or before week_start. Target is combined storage four weeks later. Rain climatology is past-only.
2020-06-15,,,,,,,,,,,0,,,7.1899999999999995,9.91952380952381,17.255714285714284,5.0200000000000005,70.26285714285714,2.81,7,2.6636298410594463,,,,,,,,,7.739999999999999,31.656666666666666,134.66000000000005,6,winter,1.4355952380952381,5.754404761904762,0.0,,,70.0,4,academic_proxy_uuw_2017_recovery_not_gazetted_trigger,2020-06-15,Features use only observations dated on or before week_start. Target is combined storage four weeks later. Rain climatology is past-only.
2020-06-22,,,,,,,,,,,0,,,0.43,12.782857142857143,22.16809523809524,7.079523809523811,51.074285714285715,3.933333333333333,7,0.0,,,,,,,,,7.879999999999999,12.703333333333333,119.8166666666667,6,winter,1.634022988505747,-1.204022988505747,1.0,,,70.0,4,academic_proxy_uuw_2017_recovery_not_gazetted_trigger,2020-06-22,Features use only observations dated on or before week_start. Target is combined storage four weeks later. Rain climatology is past-only.
2020-06-29,,,,,,,,,,,0,,,0.05666666666666667,12.299047619047618,21.456666666666667,6.051428571428572,56.68904761904762,2.57,7,5.434232314427693,,,,,,,,,7.829999999999999,12.06,116.12333333333336,6,winter,1.5938888888888887,-1.537222222222222,2.0,,,70.0,4,academic_proxy_uuw_2017_recovery_not_gazetted_trigger,2020-06-29,Features use only observations dated on or before week_start. Target is combined storage four weeks later. Rain climatology is past-only.
2020-07-06,,,,,,,,,,,0,,,11.3,12.355714285714287,21.035714285714285,6.464285714285714,56.06285714285714,2.0966666666666667,7,0.8776551087697346,,,,,,,,,18.976666666666667,19.57,67.10333333333337,7,winter,6.457407407407406,4.842592592592594,0.0,,,70.0,4,academic_proxy_uuw_2017_recovery_not_gazetted_trigger,2020-07-06,Features use only observations dated on or before week_start. Target is combined storage four weeks later. Rain climatology is past-only.
2020-07-13,,,,,,,,,,,0,,,0.006666666666666667,10.63095238095238,20.054761904761904,4.283809523809524,42.380476190476195,2.8066666666666666,7,0.21913782755533853,,,,,,,,,11.793333333333333,19.533333333333335,43.45000000000003,7,winter,6.630357142857142,-6.623690476190475,1.0,,,70.0,4,academic_proxy_uuw_2017_recovery_not_gazetted_trigger,2020-07-13,Features use only observations dated on or before week_start. Target is combined storage four weeks later. Rain climatology is past-only.
2020-07-20,,,,,,,,,,,0,,,1.3233333333333333,12.76952380952381,22.43,6.389523809523809,48.618095238095236,1.8833333333333333,7,0.9089919726053873,,,,,,,,,12.686666666666667,20.566666666666666,25.39000000000003,7,winter,6.401954022988504,-5.078620689655171,2.0,,,70.0,4,academic_proxy_uuw_2017_recovery_not_gazetted_trigger,2020-07-20,Features use only observations dated on or before week_start. Target is combined storage four weeks later. Rain climatology is past-only.
2020-07-27,,,,,,,,,,,0,,,5.1499999999999995,13.191428571428572,21.823809523809526,7.394285714285714,56.86714285714286,2.3233333333333333,7,3.9135287602742515,,,,,,,,,17.78,25.61,29.84000000000003,7,winter,6.232666666666665,-1.0826666666666656,0.0,,,70.0,4,academic_proxy_uuw_2017_recovery_not_gazetted_trigger,2020-07-27,Features use only observations dated on or before week_start. Target is combined storage four weeks later. Rain climatology is past-only.
2020-08-03,,,,,,,,,,,0,,,4.123333333333333,13.217142857142857,22.81142857142857,6.7752380952380955,56.894285714285715,1.44,7,4.410451094309489,,,,,,,,,10.603333333333332,29.58,30.17333333333336,8,winter,4.995769230769231,-0.8724358974358983,1.0,,,70.0,4,academic_proxy_uuw_2017_recovery_not_gazetted_trigger,2020-08-03,Features use only observations dated on or before week_start. Target is combined storage four weeks later. Rain climatology is past-only.
2020-08-10,,,,,,,,,,,0,,,1.3166666666666669,12.991904761904761,23.188095238095237,5.6223809523809525,51.74476190476191,0.9466666666666667,7,4.5057936906814575,,,,,,,,,11.913333333333334,23.706666666666667,31.446666666666694,8,winter,4.963456790123457,-3.6467901234567903,2.0,,,70.0,4,academic_proxy_uuw_2017_recovery_not_gazetted_trigger,2020-08-10,Features use only observations dated on or before week_start. Target is combined storage four weeks later. Rain climatology is past-only.
2020-08-17,,,,,,,,,,,0,,,0.4566666666666666,11.66095238095238,21.083809523809524,4.056190476190476,51.90238095238095,0.5466666666666666,7,0.0,,,,,,,,,11.046666666666667,23.73333333333333,31.61333333333336,8,winter,4.833214285714286,-4.376547619047619,3.0,,,70.0,4,academic_proxy_uuw_2017_recovery_not_gazetted_trigger,2020-08-17,Features use only observations dated on or before week_start. Target is combined storage four weeks later. Rain climatology is past-only.
2020-08-24,,,,,,,,,,,0,,,6.223333333333334,14.779047619047619,23.72142857142857,8.65,58.53476190476191,0.36333333333333334,7,0.2920545736948649,,,,,,,,,12.120000000000001,29.9,37.73000000000003,8,winter,4.682298850574713,1.5410344827586204,0.0,,,70.0,4,academic_proxy_uuw_2017_recovery_not_gazetted_trigger,2020-08-24,Features use only observations dated on or before week_start. Target is combined storage four weeks later. Rain climatology is past-only.
2020-08-31,,,,,,,,,,,0,,,8.996666666666666,14.631428571428572,22.810476190476187,8.972857142857142,71.94809523809523,1.6,7,4.239250183105469,,,,,,,,,16.993333333333332,27.596666666666664,46.57333333333336,8,winter,4.733666666666667,4.262999999999999,0.0,,,70.0,4,academic_proxy_uuw_2017_recovery_not_gazetted_trigger,2020-08-31,Features use only observations dated on or before week_start. Target is combined storage four weeks later. Rain climatology is past-only.
2020-09-07,,,,,,,,,,,0,,,0.8366666666666667,18.31,27.784285714285716,11.561428571428573,58.611428571428576,1.2866666666666668,7,7.507278760274251,,,,,,,,,16.513333333333335,28.426666666666666,40.22000000000003,9,spring,11.740769230769228,-10.904102564102562,1.0,,,70.0,4,academic_proxy_uuw_2017_recovery_not_gazetted_trigger,2020-09-07,Features use only observations dated on or before week_start. Target is combined storage four weeks later. Rain climatology is past-only.
2020-09-14,,,,,,,,,,,0,,,8.426666666666668,16.58904761904762,26.854285714285716,10.199523809523809,66.52095238095238,0.99,7,6.837287187576294,,,,,,,,,24.483333333333334,35.53,48.2166666666667,9,spring,11.336913580246911,-2.9102469135802433,0.0,,,70.0,4,academic_proxy_uuw_2017_recovery_not_gazetted_trigger,2020-09-14,Features use only observations dated on or before week_start. Target is combined storage four weeks later. Rain climatology is past-only.
2020-09-21,,,,,,,,,,,0,,,22.166666666666668,16.437619047619048,24.946190476190477,10.26857142857143,56.387619047619054,0.6166666666666667,7,7.766570091247559,,,,,,,,,40.42666666666667,52.54666666666667,70.3266666666667,9,spring,11.232976190476188,10.93369047619048,0.0,,,70.0,4,academic_proxy_uuw_2017_recovery_not_gazetted_trigger,2020-09-21,Features use only observations dated on or before week_start. Target is combined storage four weeks later. Rain climatology is past-only.
2020-09-28,,,,,,,,,,,0,,,60.413333333333334,13.192857142857141,19.62142857142857,9.156666666666666,80.35857142857142,5.293333333333334,7,0.0,,,,,,,,,91.84333333333333,108.83666666666667,119.44000000000003,9,spring,11.609999999999998,48.803333333333335,0.0,,,70.0,4,academic_proxy_uuw_2017_recovery_not_gazetted_trigger,2020-09-28,Features use only observations dated on or before week_start. Target is combined storage four weeks later. Rain climatology is past-only.
2020-10-05,,,,,,,,,,,0,,,12.233333333333334,17.00809523809524,23.646190476190476,11.752380952380951,73.59761904761906,18.21,7,0.0,,,,,,,,,103.24000000000001,119.75333333333333,131.66666666666669,10,spring,18.518395061728395,-6.2850617283950605,0.0,,,70.0,4,academic_proxy_uuw_2017_recovery_not_gazetted_trigger,2020-10-05,Features use only observations dated on or before week_start. Target is combined storage four weeks later. Rain climatology is past-only.
2020-10-12,,,,,,,,,,,0,,,1.1833333333333333,18.54095238095238,28.857619047619046,10.890952380952381,62.2447619047619,13.06,7,0.0,,,,,,,,,95.99666666666667,120.48,131.5266666666667,10,spring,18.293928571428573,-17.11059523809524,1.0,,,70.0,4,academic_proxy_uuw_2017_recovery_not_gazetted_trigger,2020-10-12,Features use only observations dated on or before week_start. Target is combined storage four weeks later. Rain climatology is past-only.
2020-10-19,,,,,,,,,,,0,,,9.61,21.21047619047619,30.72095238095238,14.110476190476192,64.75809523809524,5.413333333333333,7,25.13331778844198,,,,,,,,,83.44000000000001,123.86666666666666,135.98666666666668,10,spring,17.70390804597701,-8.09390804597701,0.0,,,70.0,4,academic_proxy_uuw_2017_recovery_not_gazetted_trigger,2020-10-19,Features use only observations dated on or before week_start. Target is combined storage four weeks later. Rain climatology is past-only.
2020-10-26,,,,,,,,,,,0,,,85.34333333333333,19.110000000000003,25.994761904761905,14.300952380952381,75.00190476190475,15.11,7,98.7903370509545,,,,,,,,,108.37,200.21333333333334,217.2066666666667,10,spring,17.43411111111111,67.90922222222223,0.0,,,70.0,4,academic_proxy_uuw_2017_recovery_not_gazetted_trigger,2020-10-26,Features use only observations dated on or before week_start. Target is combined storage four weeks later. Rain climatology is past-only.
2020-11-02,,,,,,,,,,,0,,,25.896666666666665,21.203333333333337,29.539047619047615,14.996666666666666,69.72666666666667,52.93,7,65.88362471262614,,,,,,,,,122.03333333333333,225.27333333333334,241.7866666666667,11,spring,26.38906666666667,-0.4924000000000035,0.0,,,70.0,4,academic_proxy_uuw_2017_recovery_not_gazetted_trigger,2020-11-02,Features use only observations dated on or before week_start. Target is combined storage four weeks later. Rain climatology is past-only.
2020-11-09,,,,,,,,,,,0,,,62.53666666666666,18.25,24.502380952380953,13.290000000000001,78.94809523809523,39.54,7,60.578623135884605,,,,,,,,,183.38666666666666,279.3833333333333,303.8666666666667,11,spring,26.370128205128204,36.16653846153846,0.0,,,70.0,4,academic_proxy_uuw_2017_recovery_not_gazetted_trigger,2020-11-09,Features use only observations dated on or before week_start. Target is combined storage four weeks later. Rain climatology is past-only.
2020-11-16,,,,,,,,,,,0,,,36.82333333333334,19.689047619047617,26.851428571428574,14.192857142857145,77.78761904761905,37.82,7,50.709874629974365,,,,,,,,,210.60000000000002,294.04,334.4666666666667,11,spring,27.709629629629628,9.11370370370371,0.0,,,70.0,4,academic_proxy_uuw_2017_recovery_not_gazetted_trigger,2020-11-16,Features use only observations dated on or before week_start. Target is combined storage four weeks later. Rain climatology is past-only.
2020-11-23,,,,,,,,,,,0,,,34.04666666666667,18.406190476190478,25.475238095238094,12.757142857142856,77.46904761904761,36.05,7,11.758982022603353,,,,,,,,,159.30333333333334,267.67333333333335,359.51666666666665,11,spring,28.035119047619048,6.011547619047619,0.0,,,70.0,4,academic_proxy_uuw_2017_recovery_not_gazetted_trigger,2020-11-23,Features use only observations dated on or before week_start. Target is combined storage four weeks later. Rain climatology is past-only.
2020-11-30,,,,,,,,,,,0,,,44.56666666666666,17.485238095238095,24.87285714285714,12.111428571428572,78.84285714285714,38.59,7,17.683075825373333,,,,,,,,,177.9733333333333,300.00666666666666,403.24666666666667,11,spring,28.24241379310345,16.324252873563214,0.0,68.49816602334242,1.0,70.0,4,academic_proxy_uuw_2017_recovery_not_gazetted_trigger,2020-11-30,Features use only observations dated on or before week_start. Target is combined storage four weeks later. Rain climatology is past-only.
2020-12-07,,,,,,,,,,,0,,,64.37666666666667,20.98952380952381,27.166190476190476,16.221904761904764,81.90666666666667,52.21,7,34.722967783610024,,,,,,,,,179.81333333333333,363.2,459.1966666666667,12,summer,30.94197530864197,33.43469135802469,0.0,72.3977644864739,0.0,70.0,4,academic_proxy_uuw_2017_recovery_not_gazetted_trigger,2020-12-07,Features use only observations dated on or before week_start. Target is combined storage four weeks later. Rain climatology is past-only.
2020-12-14,,,,,,,,,,,0,,,70.13666666666666,21.487619047619045,27.16095238095238,16.711428571428574,82.00428571428571,56.66,7,21.612712621688843,,,,,,,,,213.12666666666667,423.72666666666663,507.16666666666663,12,summer,32.13607142857143,38.00059523809523,0.0,74.02570227762715,0.0,70.0,4,academic_proxy_uuw_2017_recovery_not_gazetted_trigger,2020-12-14,Features use only observations dated on or before week_start. Target is combined storage four weeks later. Rain climatology is past-only.
2020-12-21,,,,,,,,,,,0,,,38.07,21.934285714285714,28.089523809523808,17.094761904761906,81.25761904761904,65.25,7,21.58197776476542,,,,,,,,,217.14999999999998,376.4533333333333,484.8233333333334,12,summer,33.446436781609194,4.623563218390807,0.0,74.60647182411947,0.0,70.0,4,academic_proxy_uuw_2017_recovery_not_gazetted_trigger,2020-12-21,Features use only observations dated on or before week_start. Target is combined storage four weeks later. Rain climatology is past-only.
2020-12-28,98.78826488816495,232.5673331997179,29.497587263743345,84.25690826015648,84.90931904421848,19.732925745876372,91.26332743108851,216.65913932140415,55.73513245819344,77.58330438180526,5,630.7996109089603,68.49816602334242,75.95333333333335,20.78095238095238,26.236666666666668,15.917619047619047,81.9095238095238,44.11666666666667,7,62.800326665242515,,,,,,,,,248.53666666666666,426.51,548.5433333333333,12,summer,33.60055555555555,42.352777777777796,0.0,77.4455117396294,0.0,70.0,4,academic_proxy_uuw_2017_recovery_not_gazetted_trigger,2020-12-28,Features use only observations dated on or before week_start. Target is combined storage four weeks later. Rain climatology is past-only.
2021-01-04,100.7202033321688,237.11550268459177,31.015836214556195,88.59363456325832,94.61805425431285,21.989235808702308,98.60451770970641,234.08712504284304,61.0097090923439,84.9255150565427,5,666.7110131559382,72.3977644864739,46.77333333333333,21.26142857142857,26.973333333333333,16.248571428571427,81.86285714285714,66.87666666666667,7,18.794971545537315,68.49816602334242,,,,3.8995984631314826,,,,230.93333333333334,410.74666666666667,594.1333333333334,1,summer,37.89192307692308,8.881410256410255,0.0,78.6683782100251,0.0,70.0,4,academic_proxy_uuw_2017_recovery_not_gazetted_trigger,2021-01-04,Features use only observations dated on or before week_start. Target is combined storage four weeks later. Rain climatology is past-only.
2021-01-11,100.52409821643327,236.6538320211272,32.84756881325668,93.82579555818636,93.34823506761455,21.69412982971362,101.57981925548461,241.15049091252047,63.49026146057522,88.3784439531207,5,681.7026922746684,74.02570227762715,49.489999999999995,21.145714285714284,26.654285714285713,17.03095238095238,83.64428571428572,51.57666666666667,7,16.03925919532776,72.3977644864739,,,,1.6279377911532436,,,,210.28666666666666,423.41333333333336,634.0133333333334,1,summer,38.220864197530865,11.26913580246913,0.0,78.73599631386757,0.0,70.0,4,academic_proxy_uuw_2017_recovery_not_gazetted_trigger,2021-01-11,Features use only observations dated on or before week_start. Target is combined storage four weeks later. Rain climatology is past-only.
2021-01-18,100.22891052010588,235.95890114643328,33.76963922141579,96.45959747205204,86.00902624819204,19.98849770007983,101.25888321870713,240.38858876121074,67.71222266418127,94.25541394854032,5,687.0509990283161,74.60647182411947,10.003333333333334,21.593809523809522,28.185238095238095,16.026666666666667,76.67571428571429,65.90666666666667,7,1.1954272588094075,74.02570227762715,,,,0.5807695464923199,,,,182.22,399.37,558.6733333333334,1,summer,38.623333333333335,-28.62,0.0,79.52945740308803,0.0,70.0,4,academic_proxy_uuw_2017_recovery_not_gazetted_trigger,2021-01-18,Features use only observations dated on or before week_start. Target is combined storage four weeks later. Rain climatology is past-only.
2021-01-25,100.8940891337984,237.5248646387882,38.11359307587487,108.86766726192896,95.81103148819622,22.2664837178568,102.14484080851082,242.4918520794047,73.30808183352623,102.0448499122685,5,713.1957176102471,77.4455117396294,110.66333333333333,19.966190476190473,25.04809523809524,15.900952380952381,87.1647619047619,42.306666666666665,7,62.855570793151855,74.60647182411947,68.49816602334242,,,2.839039915509929,8.947345716286975,,,216.93,465.46666666666664,643.44,1,summer,37.6364367816092,73.02689655172412,0.0,80.56128052826836,0.0,70.0,4,academic_proxy_uuw_2017_recovery_not_gazetted_trigger,2021-01-25,Features use only observations dated on or before week_start. Target is combined storage four weeks later. Rain climatology is past-only.
2021-02-01,100.55514138875353,236.72691385740353,41.626856314636186,118.90295237712678,99.06706309525597,23.023185463337487,101.71987613127591,241.48298593564903,74.9432882921007,104.32105730260417,5,724.4570949361212,78.6683782100251,53.39333333333333,19.989047619047618,24.926190476190474,15.744285714285713,85.08333333333334,46.36,7,25.773016214370728,77.4455117396294,72.3977644864739,,,1.2228664703957008,6.270613723551193,,,223.54999999999998,454.48333333333335,634.2966666666667,2,summer,38.05,15.343333333333334,0.0,,,70.0,4,academic_proxy_uuw_2017_recovery_not_gazetted_trigger,2021-02-01,Features use only observations dated on or before week_start. Target is combined storage four weeks later. Rain climatology is past-only.
2021-02-08,100.28406367351492,236.08874270018882,43.3129403064775,123.71908269142232,94.16108165250941,21.883035376043185,101.49366593616007,240.94596293244402,73.59408502464673,102.44296635430824,5,725.0797900544065,78.73599631386757,35.016666666666666,21.064761904761905,26.042380952380956,17.21761904761905,87.53380952380952,54.99333333333333,7,25.755919774373375,78.6683782100251,74.02570227762715,,,0.06761810384247724,4.710294036240427,,,209.07666666666665,419.36333333333334,632.49,2,summer,38.64012820512821,-3.623461538461541,0.0,,,70.0,4,academic_proxy_uuw_2017_recovery_not_gazetted_trigger,2021-02-08,Features use only observations dated on or before week_start. Target is combined storage four weeks later. Rain climatology is past-only.
2021-02-15,100.24014658307533,235.98535308587594,45.00318344385561,128.54709318902917,88.17504096412073,20.491879520061655,101.7164786913851,241.47492041334826,76.06862573040416,105.8875270167226,5,732.3867732250376,79.52945740308803,10.223333333333333,18.882857142857144,25.10904761904762,13.57904761904762,80.75238095238095,60.21,7,11.244756062825521,78.73599631386757,74.60647182411947,,,0.7934610892204574,4.922985578968564,,,209.29666666666668,391.51666666666665,608.6666666666667,2,summer,38.50592592592593,-28.282592592592597,0.0,,,70.0,4,academic_proxy_uuw_2017_recovery_not_gazetted_trigger,2021-02-15,Features use only observations dated on or before week_start. Target is combined storage four weeks later. Rain climatology is past-only.
2021-02-22,100.79129087247101,237.28285697197123,46.68480940446212,133.3504895829056,85.7270925014639,19.92297629734021,101.83364221782159,241.7530666251085,78.72086415768521,109.5794429074978,5,741.8888323848233,80.56128052826836,30.92,18.52285714285714,23.50952380952381,14.91095238095238,86.55571428571429,37.480000000000004,7,4.80245320002238,79.52945740308803,77.4455117396294,68.49816602334242,,1.031823125180324,3.1157687886389596,12.063114504925935,,129.55333333333334,346.4833333333333,595.02,2,summer,37.49583333333334,-6.575833333333335,0.0,,,70.0,4,academic_proxy_uuw_2017_recovery_not_gazetted_trigger,2021-02-22,Features use only observations dated on or before week_start. Target is combined storage four weeks later. Rain climatology is past-only.
2021-03-01,,,,,,,,,,,0,,,4.8500000000000005,19.537619047619046,26.113809523809525,14.136190476190476,78.7804761904762,58.269999999999996,7,2.0586756865183515,80.56128052826836,78.6683782100251,72.3977644864739,,,,,,81.01,304.56,535.4933333333333,3,autumn,25.712222222222223,-20.862222222222222,1.0,,,70.0,4,academic_proxy_uuw_2017_recovery_not_gazetted_trigger,2021-03-01,Features use only observations dated on or before week_start. Target is combined storage four weeks later. Rain climatology is past-only.
2021-03-08,,,,,,,,,,,0,,,14.196666666666667,21.901904761904763,29.862380952380953,15.69142857142857,67.89809523809524,61.633333333333326,7,8.989837527275085,,78.73599631386757,74.02570227762715,,,,,,60.19,269.26666666666665,479.55333333333334,3,autumn,25.039247311827957,-10.84258064516129,0.0,,,70.0,4,academic_proxy_uuw_2017_recovery_not_gazetted_trigger,2021-03-08,Features use only observations dated on or before week_start. Target is combined storage four weeks later. Rain climatology is past-only.
2021-03-15,,,,,,,,,,,0,,,58.123333333333335,20.154761904761905,26.115238095238094,15.558571428571428,82.4252380952381,43.88333333333333,7,45.28807393709819,,79.52945740308803,74.60647182411947,,,,,,108.09,317.38666666666666,499.6066666666667,3,autumn,24.700416666666666,33.422916666666666,0.0,,,70.0,4,academic_proxy_uuw_2017_recovery_not_gazetted_trigger,2021-03-15,Features use only observations dated on or before week_start. Target is combined storage four weeks later. Rain climatology is past-only.
2021-03-22,,,,,,,,,,,0,,,44.52,15.67095238095238,20.116666666666667,12.317142857142857,87.45809523809524,26.58,7,9.936040878295898,,80.56128052826836,77.4455117396294,68.49816602334242,,,,,121.69,251.2433333333333,468.17333333333335,3,autumn,25.713232323232322,18.80676767676768,0.0,,,70.0,4,academic_proxy_uuw_2017_recovery_not_gazetted_trigger,2021-03-22,Features use only observations dated on or before week_start. Target is combined storage four weeks later. Rain climatology is past-only.
2021-03-29,,,,,,,,,,,0,,,5.463333333333333,17.802380952380954,24.430952380952384,12.900476190476192,79.72380952380954,47.986666666666665,7,21.59632968902588,,,78.6683782100251,72.3977644864739,,,,,122.30333333333333,203.31333333333333,426.86333333333334,3,autumn,26.266372549019607,-20.803039215686276,0.0,,,70.0,4,academic_proxy_uuw_2017_recovery_not_gazetted_trigger,2021-03-29,Features use only observations dated on or before week_start. Target is combined storage four weeks later. Rain climatology is past-only.
2021-04-05,,,,,,,,,,,0,,,13.566666666666666,18.993809523809524,25.74047619047619,13.939047619047619,76.63428571428572,43.49333333333333,7,9.554807583491009,,,78.73599631386757,74.02570227762715,,,,,121.67333333333333,181.86333333333334,390.94,4,autumn,13.923000000000002,-0.3563333333333354,0.0,,,70.0,4,academic_proxy_uuw_2017_recovery_not_gazetted_trigger,2021-04-05,Features use only observations dated on or before week_start. Target is combined storage four weeks later. Rain climatology is past-only.
2021-04-12,,,,,,,,,,,0,,,5.726666666666667,17.97809523809524,24.91238095238095,12.933809523809526,73.12857142857143,32.64666666666667,7,6.623752911885579,,,79.52945740308803,74.60647182411947,,,,,69.27666666666667,177.36666666666665,386.66333333333336,4,autumn,13.911505376344088,-8.184838709677422,0.0,,,70.0,4,academic_proxy_uuw_2017_recovery_not_gazetted_trigger,2021-04-12,Features use only observations dated on or before week_start. Target is combined storage four weeks later. Rain climatology is past-only.
2021-04-19,,,,,,,,,,,0,,,12.903333333333334,15.848571428571429,22.422857142857143,11.24047619047619,75.81047619047618,22.333333333333332,7,20.865403016408287,,,80.56128052826836,77.4455117396294,,,,,37.66,159.35,288.90333333333336,4,autumn,13.655729166666667,-0.7523958333333329,0.0,,,70.0,4,academic_proxy_uuw_2017_recovery_not_gazetted_trigger,2021-04-19,Features use only observations dated on or before week_start. Target is combined storage four weeks later. Rain climatology is past-only.
2021-04-26,,,,,,,,,,,0,,,32.42,15.719523809523809,22.666666666666664,10.87142857142857,74.72285714285714,22.593333333333334,7,36.377780993779496,,,,78.6683782100251,,,,,64.61666666666667,186.92000000000002,267.93000000000006,4,autumn,13.632929292929292,18.78707070707071,0.0,,,70.0,4,academic_proxy_uuw_2017_recovery_not_gazetted_trigger,2021-04-26,Features use only observations dated on or before week_start. Target is combined storage four weeks later. Rain climatology is past-only.
2021-05-03,,,,,,,,,,,0,,,13.893333333333334,14.69047619047619,21.583333333333336,9.875238095238094,77.35904761904762,25.7,7,3.464909235636393,,,,78.73599631386757,,,,,64.94333333333333,186.61666666666667,246.80666666666673,5,autumn,9.330444444444446,4.562888888888889,0.0,,,70.0,4,academic_proxy_uuw_2017_recovery_not_gazetted_trigger,2021-05-03,Features use only observations dated on or before week_start. Target is combined storage four weeks later. Rain climatology is past-only.
2021-05-10,,,,,,,,,,,0,,,0.20666666666666667,15.68952380952381,24.597619047619048,9.731904761904762,57.61666666666667,29.093333333333334,7,0.0,,,,79.52945740308803,,,,,59.42333333333333,128.7,236.79000000000002,5,autumn,9.477634408602151,-9.270967741935484,1.0,,,70.0,4,academic_proxy_uuw_2017_recovery_not_gazetted_trigger,2021-05-10,Features use only observations dated on or before week_start. Target is combined storage four weeks later. Rain climatology is past-only.
2021-05-17,,,,,,,,,,,0,,,8.416666666666668,13.54095238095238,20.18952380952381,9.183333333333334,68.6647619047619,11.496666666666666,7,11.118563810984293,,,,80.56128052826836,,,,,54.93666666666667,92.59666666666668,214.28666666666672,5,autumn,9.187916666666666,-0.7712499999999984,0.0,,,70.0,4,academic_proxy_uuw_2017_recovery_not_gazetted_trigger,2021-05-17,Features use only observations dated on or before week_start. Target is combined storage four weeks later. Rain climatology is past-only.
2021-05-24,,,,,,,,,,,0,,,0.88,14.00904761904762,21.787142857142857,8.637619047619047,60.35142857142857,14.86,7,3.155302047729492,,,,,,,,,23.39666666666666,88.01333333333335,210.31666666666672,5,autumn,9.164545454545454,-8.284545454545453,1.0,,,70.0,4,academic_proxy_uuw_2017_recovery_not_gazetted_trigger,2021-05-24,Features use only observations dated on or before week_start. Target is combined storage four weeks later. Rain climatology is past-only.
2021-05-31,,,,,,,,,,,0,,,33.78333333333334,9.481904761904762,15.348095238095238,5.0180952380952375,78.82666666666667,7.140000000000001,7,15.406392335891724,,,,,,,,,43.28666666666666,108.23000000000002,229.90333333333336,5,autumn,8.920882352941177,24.86245098039216,0.0,,,70.0,4,academic_proxy_uuw_2017_recovery_not_gazetted_trigger,2021-05-31,Features use only observations dated on or before week_start. Target is combined storage four weeks later. Rain climatology is past-only.
2021-06-07,,,,,,,,,,,0,,,0.26,12.489523809523808,20.66761904761905,6.9590476190476185,62.33047619047619,15.943333333333333,7,2.2653560638427734,,,,,,,,,43.34,102.76333333333335,172.04000000000002,6,winter,1.544301075268817,-1.284301075268817,1.0,,,70.0,4,academic_proxy_uuw_2017_recovery_not_gazetted_trigger,2021-06-07,Features use only observations dated on or before week_start. Target is combined storage four weeks later. Rain climatology is past-only.
2021-06-14,,,,,,,,,,,0,,,0.33333333333333337,13.952380952380953,21.57238095238095,8.962857142857143,63.57952380952381,10.73,7,6.257208784421285,,,,,,,,,35.25666666666667,90.19333333333334,127.85333333333338,6,winter,1.5041666666666664,-1.170833333333333,2.0,,,70.0,4,academic_proxy_uuw_2017_recovery_not_gazetted_trigger,2021-06-14,Features use only observations dated on or before week_start. Target is combined storage four weeks later. Rain climatology is past-only.
2021-06-21,,,,,,,,,,,0,,,0.09,12.811904761904762,21.157142857142855,7.376666666666667,56.733333333333334,8.106666666666667,7,3.547996997833252,,,,,,,,,34.46666666666666,57.86333333333334,122.48000000000005,6,winter,1.4686868686868686,-1.3786868686868685,3.0,,,70.0,4,academic_proxy_uuw_2017_recovery_not_gazetted_trigger,2021-06-21,Features use only observations dated on or before week_start. Target is combined storage four weeks later. Rain climatology is past-only.
2021-06-28,,,,,,,,,,,0,,,2.28,13.927619047619046,23.346666666666668,7.914761904761905,50.51619047619048,7.1433333333333335,7,0.0,,,,,,,,,2.9633333333333263,46.25,111.19333333333338,6,winter,1.4281372549019606,0.8518627450980392,4.0,,,70.0,4,academic_proxy_uuw_2017_recovery_not_gazetted_trigger,2021-06-28,Features use only observations dated on or before week_start. Target is combined storage four weeks later. Rain climatology is past-only.
2021-07-05,,,,,,,,,,,0,,,1.0899999999999999,11.915238095238095,20.01571428571429,6.751428571428571,65.07238095238095,5.283333333333333,7,0.7405115763346354,,,,,,,,,3.793333333333326,47.13333333333334,106.5566666666667,7,winter,6.19774193548387,-5.10774193548387,5.0,,,70.0,4,academic_proxy_uuw_2017_recovery_not_gazetted_trigger,2021-07-05,Features use only observations dated on or before week_start. Target is combined storage four weeks later. Rain climatology is past-only.
2021-07-12,,,,,,,,,,,0,,,0.09,9.131428571428572,17.66761904761905,2.9585714285714286,52.354285714285716,4.066666666666666,7,4.762519399325052,,,,,,,,,3.5499999999999927,38.806666666666665,93.74333333333337,7,winter,6.038125,-5.948125,6.0,,,70.0,4,academic_proxy_uuw_2017_recovery_not_gazetted_trigger,2021-07-12,Features use only observations dated on or before week_start. Target is combined storage four weeks later. Rain climatology is past-only.
2021-07-19,,,,,,,,,,,0,,,9.073333333333334,7.753809523809523,16.214285714285715,1.9114285714285715,57.06666666666667,3.166666666666667,7,0.0,,,,,,,,,12.533333333333326,47.00000000000001,70.3966666666667,7,winter,5.857878787878788,3.215454545454546,0.0,,,70.0,4,academic_proxy_uuw_2017_recovery_not_gazetted_trigger,2021-07-19,Features use only observations dated on or before week_start. Target is combined storage four weeks later. Rain climatology is past-only.
2021-07-26,,,,,,,,,,,0,,,0.006666666666666667,12.232857142857142,22.15,5.694285714285714,49.09238095238095,6.076666666666667,7,0.9561934073766072,,,,,,,,,10.259999999999993,13.223333333333333,56.51000000000004,7,winter,5.952450980392157,-5.94578431372549,1.0,,,70.0,4,academic_proxy_uuw_2017_recovery_not_gazetted_trigger,2021-07-26,Features use only observations dated on or before week_start. Target is combined storage four weeks later. Rain climatology is past-only.
2021-08-02,,,,,,,,,,,0,,,0.8,14.211904761904762,23.52285714285714,7.880476190476189,52.71619047619048,4.903333333333333,7,3.2156573136647544,,,,,,,,,9.969999999999994,13.763333333333334,57.10333333333337,8,winter,4.8711827956989255,-4.071182795698926,2.0,,,70.0,4,academic_proxy_uuw_2017_recovery_not_gazetted_trigger,2021-08-02,Features use only observations dated on or before week_start. Target is combined storage four weeks later. Rain climatology is past-only.
2021-08-09,,,,,,,,,,,0,,,18.633333333333336,10.931904761904761,18.458571428571428,5.873333333333333,69.11761904761904,2.686666666666667,7,15.000804901123047,,,,,,,,,28.51333333333333,32.06333333333333,67.32000000000004,8,winter,4.7439583333333335,13.889375000000003,0.0,,,70.0,4,academic_proxy_uuw_2017_recovery_not_gazetted_trigger,2021-08-09,Features use only observations dated on or before week_start. Target is combined storage four weeks later. Rain climatology is past-only.
2021-08-16,,,,,,,,,,,0,,,7.503333333333333,13.475714285714286,21.850476190476193,7.856190476190476,71.99380952380952,6.176666666666667,7,0.0,,,,,,,,,26.94333333333333,39.47666666666667,73.94333333333337,8,winter,5.164848484848485,2.338484848484848,0.0,,,70.0,4,academic_proxy_uuw_2017_recovery_not_gazetted_trigger,2021-08-16,Features use only observations dated on or before week_start. Target is combined storage four weeks later. Rain climatology is past-only.
2021-08-23,,,,,,,,,,,0,,,12.823333333333334,13.937619047619048,22.91714285714286,7.4471428571428575,63.474761904761905,5.956666666666667,7,3.9289583365122476,,,,,,,,,39.76,50.02,52.98333333333336,8,winter,5.233627450980392,7.589705882352942,0.0,,,70.0,4,academic_proxy_uuw_2017_recovery_not_gazetted_trigger,2021-08-23,Features use only observations dated on or before week_start. Target is combined storage four weeks later. Rain climatology is past-only.
2021-08-30,,,,,,,,,,,0,,,5.256666666666667,16.38904761904762,25.93,9.634761904761904,59.50333333333333,8.196666666666667,7,3.2495745023091636,,,,,,,,,44.21666666666667,54.186666666666675,57.98000000000003,8,winter,5.4504761904761905,-0.19380952380952365,0.0,,,70.0,4,academic_proxy_uuw_2017_recovery_not_gazetted_trigger,2021-08-30,Features use only observations dated on or before week_start. Target is combined storage four weeks later. Rain climatology is past-only.
2021-09-06,,,,,,,,,,,0,,,66.45666666666666,14.695714285714287,22.060000000000002,8.885238095238096,71.38904761904762,23.276666666666667,7,19.739729563395183,,,,,,,,,92.03999999999999,120.55333333333334,124.10333333333335,9,spring,13.236777777777776,53.21988888888889,0.0,,,70.0,4,academic_proxy_uuw_2017_recovery_not_gazetted_trigger,2021-09-06,Features use only observations dated on or before week_start. Target is combined storage four weeks later. Rain climatology is past-only.
2021-09-13,,,,,,,,,,,0,,,24.490000000000002,14.520952380952382,22.75238095238095,8.408095238095239,71.26380952380953,17.10333333333333,7,0.0,,,,,,,,,109.02666666666667,135.97,148.50333333333336,9,spring,14.953548387096772,9.53645161290323,0.0,,,70.0,4,academic_proxy_uuw_2017_recovery_not_gazetted_trigger,2021-09-13,Features use only observations dated on or before week_start. Target is combined storage four weeks later. Rain climatology is past-only.
2021-09-20,,,,,,,,,,,0,,,7.406666666666667,16.836666666666666,25.278095238095236,10.536666666666665,63.84809523809524,20.553333333333335,7,13.656037966410318,,,,,,,,,103.61,143.37,153.63000000000002,9,spring,15.2515625,-7.844895833333333,0.0,,,70.0,4,academic_proxy_uuw_2017_recovery_not_gazetted_trigger,2021-09-20,Features use only observations dated on or before week_start. Target is combined storage four weeks later. Rain climatology is past-only.
2021-09-27,,,,,,,,,,,0,,,45.96666666666666,16.37,22.970952380952383,11.650476190476189,76.43714285714286,12.780000000000001,7,66.95730686187744,,,,,,,,,144.32,188.53666666666663,198.5066666666667,9,spring,15.013838383838385,30.95282828282828,0.0,,,70.0,4,academic_proxy_uuw_2017_recovery_not_gazetted_trigger,2021-09-27,Features use only observations dated on or before week_start. Target is combined storage four weeks later. Rain climatology is past-only.
2021-10-04,,,,,,,,,,,0,,,20.563333333333333,15.067142857142857,21.795714285714286,10.242857142857144,77.78666666666666,19.703333333333333,7,6.166110356648763,,,,,,,,,98.42666666666666,190.46666666666664,218.98000000000002,10,spring,19.6247311827957,0.9386021505376334,0.0,,,70.0,4,academic_proxy_uuw_2017_recovery_not_gazetted_trigger,2021-10-04,Features use only observations dated on or before week_start. Target is combined storage four weeks later. Rain climatology is past-only.
2021-10-11,,,,,,,,,,,0,,,26.356666666666666,19.190952380952382,28.68857142857143,11.472857142857142,59.30142857142857,23.263333333333332,7,0.2156105637550354,,,,,,,,,100.29333333333334,209.32,236.26333333333335,10,spring,19.6540625,6.702604166666667,0.0,,,70.0,4,academic_proxy_uuw_2017_recovery_not_gazetted_trigger,2021-10-11,Features use only observations dated on or before week_start. Target is combined storage four weeks later. Rain climatology is past-only.
2021-10-18,,,,,,,,,,,0,,,9.193333333333333,16.13047619047619,24.11095238095238,9.615714285714287,67.0942857142857,23.82,7,4.823271830876668,,,,,,,,,102.07999999999998,205.69,245.45000000000005,10,spring,19.857171717171717,-10.663838383838383,0.0,,,70.0,4,academic_proxy_uuw_2017_recovery_not_gazetted_trigger,2021-10-18,Features use only observations dated on or before week_start. Target is combined storage four weeks later. Rain climatology is past-only.
2021-10-25,,,,,,,,,,,0,,,42.303333333333335,16.25095238095238,23.434285714285714,10.870000000000001,79.05047619047619,22.326666666666668,7,18.95976289113363,,,,,,,,,98.41666666666666,242.73666666666665,286.9533333333334,10,spring,19.543529411764705,22.75980392156863,0.0,,,70.0,4,academic_proxy_uuw_2017_recovery_not_gazetted_trigger,2021-10-25,Features use only observations dated on or before week_start. Target is combined storage four weeks later. Rain climatology is past-only.
2021-11-01,,,,,,,,,,,0,,,13.65,18.673809523809524,27.96095238095238,12.212857142857144,73.74428571428572,31.636666666666667,7,5.323790629704793,,,,,,,,,91.50333333333333,189.93,281.97,11,spring,28.78655555555555,-15.136555555555551,0.0,,,70.0,4,academic_proxy_uuw_2017_recovery_not_gazetted_trigger,2021-11-01,Features use only observations dated on or before week_start. Target is combined storage four weeks later. Rain climatology is past-only.
2021-11-08,,,,,,,,,,,0,,,19.57,18.196666666666665,26.013809523809524,12.809999999999999,76.47190476190477,24.973333333333333,7,13.32662336031596,,,,,,,,,84.71666666666667,185.01,294.0366666666667,11,spring,28.29827956989247,-8.728279569892468,0.0,,,70.0,4,academic_proxy_uuw_2017_recovery_not_gazetted_trigger,2021-11-08,Features use only observations dated on or before week_start. Target is combined storage four weeks later. Rain climatology is past-only.
2021-11-15,,,,,,,,,,,0,,,29.923333333333332,18.406666666666666,26.575714285714287,11.800952380952381,71.59190476190476,16.963333333333335,7,12.153907537460327,,,,,,,,,105.44666666666666,207.52666666666664,311.1366666666667,11,spring,28.025520833333335,1.897812499999997,0.0,,,70.0,4,academic_proxy_uuw_2017_recovery_not_gazetted_trigger,2021-11-15,Features use only observations dated on or before week_start. Target is combined storage four weeks later. Rain climatology is past-only.
2021-11-22,,,,,,,,,,,0,,,39.06666666666666,16.623809523809523,23.053333333333335,11.497142857142858,77.77095238095238,29.5,7,18.98184835910797,,,,,,,,,102.21,200.62666666666667,344.9466666666667,11,spring,28.083030303030302,10.98363636363636,0.0,,,70.0,4,academic_proxy_uuw_2017_recovery_not_gazetted_trigger,2021-11-22,Features use only observations dated on or before week_start. Target is combined storage four weeks later. Rain climatology is past-only.
2021-11-29,,,,,,,,,,,0,,,38.47,20.19333333333333,27.79333333333333,14.70190476190476,78.11333333333333,33.56,7,23.191221992174786,,,,,,,,,127.02999999999999,218.53333333333333,316.96,11,spring,28.40607843137255,10.06392156862745,0.0,84.27112738057652,0.0,70.0,4,academic_proxy_uuw_2017_recovery_not_gazetted_trigger,2021-11-29,Features use only observations dated on or before week_start. Target is combined storage four weeks later. Rain climatology is past-only.
2021-12-06,,,,,,,,,,,0,,,46.32,21.67904761904762,28.456190476190475,16.605714285714285,77.06142857142856,50.43666666666667,7,22.44927579164505,,,,,,,,,153.78,238.49666666666667,338.78999999999996,12,summer,34.96677419354839,11.353225806451611,0.0,91.62102373159466,0.0,70.0,4,academic_proxy_uuw_2017_recovery_not_gazetted_trigger,2021-12-06,Features use only observations dated on or before week_start. Target is combined storage four weeks later. Rain climatology is past-only.
2021-12-13,,,,,,,,,,,0,,,46.24333333333334,17.545714285714286,22.93047619047619,12.833333333333334,78.92999999999999,32.96,7,41.491477171579994,,,,,,,,,170.1,275.5466666666667,377.62666666666667,12,summer,35.3215625,10.92177083333334,0.0,95.92285105051629,0.0,70.0,4,academic_proxy_uuw_2017_recovery_not_gazetted_trigger,2021-12-13,Features use only observations dated on or before week_start. Target is combined storage four weeks later. Rain climatology is past-only.
2021-12-20,,,,,,,,,,,0,,,106.34333333333333,18.712857142857143,24.337142857142858,14.125238095238094,85.12428571428572,41.43666666666667,7,28.563496351242062,,,,,,,,,237.37666666666667,339.58666666666664,438.00333333333333,12,summer,35.65252525252525,70.69080808080808,0.0,99.01331955265361,0.0,70.0,4,academic_proxy_uuw_2017_recovery_not_gazetted_trigger,2021-12-20,Features use only observations dated on or before week_start. Target is combined storage four weeks later. Rain climatology is past-only.
2021-12-27,101.40843336411206,238.73573382579258,53.29821267577282,152.24101468707747,98.9374016443516,22.99305214214731,100.76420712577615,239.21422771659257,88.26780436502811,122.86878367611914,5,776.0528120477292,84.27112738057652,38.95333333333333,19.559523809523807,25.91904761904762,14.33095238095238,80.78476190476191,59.126666666666665,7,28.45475443204244,,,,,,,,,237.86,364.89,456.3933333333334,12,summer,37.73166666666666,1.2216666666666711,0.0,100.61202798045157,0.0,70.0,4,academic_proxy_uuw_2017_recovery_not_gazetted_trigger,2021-12-27,Features use only observations dated on or before week_start. Target is combined storage four weeks later. Rain climatology is past-only.
2022-01-03,101.69897711510549,239.41973192438135,69.96933195814135,199.86039980523495,98.83784815749041,22.969915911800772,105.7556872729896,251.06400158607732,93.6953723539949,130.4239583167609,5,843.7380075442552,91.62102373159466,69.50333333333333,20.95904761904762,27.39666666666667,16.145714285714284,82.47380952380954,65.68,7,56.56730937957764,84.27112738057652,,,,7.349896351018145,,,,261.04333333333335,414.8233333333334,499.54,1,summer,40.07066666666667,29.432666666666663,0.0,101.6448407991481,0.0,70.0,4,academic_proxy_uuw_2017_recovery_not_gazetted_trigger,2022-01-03,Features use only observations dated on or before week_start. Target is combined storage four weeks later. Rain climatology is past-only.
2022-01-10,101.22600005255973,238.3062493237361,83.93365122684651,239.74808136436434,90.89830776203775,21.12476672389757,102.54128829984418,243.4330184238301,101.10734158647718,140.7414194883762,5,883.3535353242044,95.92285105051629,121.53999999999999,20.673333333333336,25.652380952380952,17.07333333333333,86.92809523809524,53.18,7,24.827517708142597,91.62102373159466,,,,4.3018273189216245,,,,336.34,506.44,611.8866666666667,1,summer,41.02010752688172,80.51989247311826,0.0,101.48127611019983,0.0,70.0,4,academic_proxy_uuw_2017_recovery_not_gazetted_trigger,2022-01-10,Features use only observations dated on or before week_start. Target is combined storage four weeks later. Rain climatology is past-only.
2022-01-17,100.95816663062284,237.6757158818123,94.50842069230997,269.9538528655142,94.8167278508788,22.035407552544235,101.69140410422769,241.4153933434365,101.1015015208907,140.73329011707983,5,911.813659760387,99.01331955265361,16.509999999999998,19.416666666666668,24.65380952380952,14.938095238095238,82.02428571428571,66.28,7,6.901848793029785,95.92285105051629,,,,3.090468502137327,,,,246.50666666666666,483.8833333333333,586.0933333333332,1,summer,43.53635416666666,-27.026354166666664,0.0,101.64292771850309,0.0,70.0,4,academic_proxy_uuw_2017_recovery_not_gazetted_trigger,2022-01-17,Features use only observations dated on or before week_start. Target is combined storage four weeks later. Rain climatology is past-only.
2022-01-24,101.01131598184055,237.800840084449,99.83578945922234,285.17094901132265,95.29221074954707,22.145909778194735,101.58838809379604,241.1708333346718,100.75261024665252,140.2476334633403,5,926.5361656719786,100.61202798045157,67.81333333333333,21.33666666666667,27.398095238095237,16.02,80.78761904761905,68.90666666666667,7,10.648452281951904,99.01331955265361,84.27112738057652,,,1.598708427797959,16.340900599875056,,,275.3666666666667,513.2266666666667,640.2566666666667,1,summer,42.717373737373734,25.0959595959596,0.0,101.18601429525019,0.0,70.0,4,academic_proxy_uuw_2017_recovery_not_gazetted_trigger,2022-01-24,Features use only observations dated on or before week_start. Target is combined storage four weeks later. Rain climatology is past-only.
2022-01-31,101.16825293213057,238.17030105282177,101.6680171057646,290.404524060906,101.19313516986847,23.517284613477432,102.44790880399732,243.21133550068964,101.10911903122133,140.74389369146007,5,936.0473389193548,101.6448407991481,67.85666666666667,21.07952380952381,26.335714285714285,16.994285714285713,84.66571428571429,60.516666666666666,7,46.31741285324096,100.61202798045157,91.62102373159466,,,1.0328128186965273,10.023817067553438,,,273.72,534.7633333333333,688.5433333333334,1,summer,43.45549019607842,24.401176470588247,0.0,,,70.0,4,academic_proxy_uuw_2017_recovery_not_gazetted_trigger,2022-01-31,Features use only observations dated on or before week_start. Target is combined storage four weeks later. Rain climatology is past-only.
2022-02-07,100.72823017713363,237.134399483008,101.57208833407596,290.13051311745454,101.27473016730978,23.536247290882795,102.43962850247938,243.19167806488602,100.96855872313134,140.5482337425988,5,934.5410716988301,101.48127611019983,15.64,22.03857142857143,28.47809523809524,17.097142857142856,80.77380952380952,80.11666666666667,7,27.303488890329994,101.6448407991481,95.92285105051629,,,-0.16356468894827003,5.558425059683543,,,167.82,504.15999999999997,674.26,2,summer,37.26908045977012,-21.629080459770123,0.0,,,70.0,4,academic_proxy_uuw_2017_recovery_not_gazetted_trigger,2022-02-07,Features use only observations dated on or before week_start. Target is combined storage four weeks later. Rain climatology is past-only.
2022-02-14,101.10987372279044,238.03286471819322,101.95140693674175,291.21399877410914,101.35973646160205,23.556002753676317,102.15397387411944,242.51353397715957,101.0871559889058,140.71332113655689,5,936.029721359695,101.64292771850309,43.84,20.087142857142858,25.66190476190476,15.795714285714284,84.43142857142857,51.97333333333333,7,29.81846570968628,101.48127611019983,99.01331955265361,,,0.1616516083032593,2.6296081658494757,,,195.15,441.65666666666664,679.0333333333334,2,summer,36.54811111111112,7.291888888888884,0.0,,,70.0,4,academic_proxy_uuw_2017_recovery_not_gazetted_trigger,2022-02-14,Features use only observations dated on or before week_start. Target is combined storage four weeks later. Rain climatology is past-only.
2022-02-21,100.5412360419189,236.69417788988548,101.0842918641362,288.73717128071866,101.0575914029148,23.485784242037397,102.16072936283776,242.52957150737683,100.84432523343442,140.3753007249407,5,931.8220056449591,101.18601429525019,44.45333333333333,20.213809523809523,26.04,16.376190476190477,85.7304761904762,50.403333333333336,7,5.388837019602458,101.64292771850309,100.61202798045157,84.27112738057652,,-0.4569134232528995,0.5739863147986171,16.914886914673673,,171.79000000000002,447.15666666666664,685.0166666666667,2,summer,36.78333333333334,7.669999999999995,0.0,,,70.0,4,academic_proxy_uuw_2017_recovery_not_gazetted_trigger,2022-02-21,Features use only observations dated on or before week_start. Target is combined storage four weeks later. Rain climatology is past-only.
2022-02-28,,,,,,,,,,,0,,,30.633333333333333,20.66904761904762,26.13047619047619,16.43857142857143,83.50857142857144,52.84,7,19.627021352450054,101.18601429525019,101.6448407991481,91.62102373159466,,,,,,134.56666666666666,408.28666666666663,669.33,2,summer,37.023020833333334,-6.389687500000001,0.0,,,70.0,4,academic_proxy_uuw_2017_recovery_not_gazetted_trigger,2022-02-28,Features use only observations dated on or before week_start. Target is combined storage four weeks later. Rain climatology is past-only.
2022-03-07,,,,,,,,,,,0,,,47.943333333333335,20.90380952380952,26.382857142857144,16.46761904761905,83.67476190476191,54.11,7,19.822989463806152,,101.48127611019983,95.92285105051629,,,,,,166.87,334.69,671.03,3,autumn,25.672,22.271333333333335,0.0,,,70.0,4,academic_proxy_uuw_2017_recovery_not_gazetted_trigger,2022-03-07,Features use only observations dated on or before week_start. Target is combined storage four weeks later. Rain climatology is past-only.
2022-03-14,,,,,,,,,,,0,,,70.37,16.77857142857143,22.065238095238097,12.562380952380952,86.05904761904762,37.14333333333333,7,39.474812825520836,,101.64292771850309,99.01331955265361,,,,,,193.4,388.55,635.0566666666667,3,autumn,26.29064814814815,44.079351851851854,0.0,,,70.0,4,academic_proxy_uuw_2017_recovery_not_gazetted_trigger,2022-03-14,Features use only observations dated on or before week_start. Target is combined storage four weeks later. Rain climatology is past-only.
2022-03-21,,,,,,,,,,,0,,,38.10333333333333,18.166190476190476,23.58666666666667,13.955714285714285,84.3347619047619,42.056666666666665,7,22.879910786946613,,101.18601429525019,100.61202798045157,84.27112738057652,,,,,187.04999999999998,358.84000000000003,634.2066666666667,3,autumn,27.48198198198198,10.62135135135135,0.0,,,70.0,4,academic_proxy_uuw_2017_recovery_not_gazetted_trigger,2022-03-21,Features use only observations dated on or before week_start. Target is combined storage four weeks later. Rain climatology is past-only.
2022-03-28,,,,,,,,,,,0,,,24.866666666666667,19.50714285714286,25.865238095238094,14.636190476190476,79.82380952380952,51.446666666666665,7,7.081871072451273,,,101.6448407991481,91.62102373159466,,,,,181.28333333333333,315.85,589.57,3,autumn,27.761491228070177,-2.89482456140351,0.0,,,70.0,4,academic_proxy_uuw_2017_recovery_not_gazetted_trigger,2022-03-28,Features use only observations dated on or before week_start. Target is combined storage four weeks later. Rain climatology is past-only.
2022-04-04,,,,,,,,,,,0,,,97.11666666666667,15.412857142857144,19.478571428571428,12.206190476190475,85.7804761904762,22.19,7,55.89675267537435,,,101.48127611019983,95.92285105051629,,,,,230.45666666666668,397.3266666666667,565.1466666666668,4,autumn,14.185490196078431,82.93117647058824,0.0,,,70.0,4,academic_proxy_uuw_2017_recovery_not_gazetted_trigger,2022-04-04,Features use only observations dated on or before week_start. Target is combined storage four weeks later. Rain climatology is past-only.
2022-04-11,,,,,,,,,,,0,,,120.6,15.096666666666666,19.344761904761903,11.668571428571429,88.14285714285714,23.64666666666667,7,84.47108618418376,,,101.64292771850309,99.01331955265361,,,,,280.68666666666667,474.08666666666664,669.2366666666667,4,autumn,16.554952380952383,104.04504761904761,0.0,,,70.0,4,academic_proxy_uuw_2017_recovery_not_gazetted_trigger,2022-04-11,Features use only observations dated on or before week_start. Target is combined storage four weeks later. Rain climatology is past-only.
2022-04-18,,,,,,,,,,,0,,,36.10333333333333,15.672380952380953,20.98333333333333,11.692857142857141,84.38142857142857,30.083333333333332,7,4.167347272237142,,,101.18601429525019,100.61202798045157,,,,,278.68666666666667,465.7366666666667,637.5266666666666,4,autumn,19.445092592592594,16.658240740740737,0.0,,,70.0,4,academic_proxy_uuw_2017_recovery_not_gazetted_trigger,2022-04-18,Features use only observations dated on or before week_start. Target is combined storage four weeks later. Rain climatology is past-only.
2022-04-25,,,,,,,,,,,0,,,15.376666666666667,13.10095238095238,18.836190476190474,8.332857142857142,81.90047619047618,29.82,7,0.0,,,,101.6448407991481,,,,,269.19666666666666,450.48,585.0466666666666,4,autumn,19.89531531531532,-4.518648648648652,0.0,,,70.0,4,academic_proxy_uuw_2017_recovery_not_gazetted_trigger,2022-04-25,Features use only observations dated on or before week_start. Target is combined storage four weeks later. Rain climatology is past-only.
2022-05-02,,,,,,,,,,,0,,,16.84,15.042857142857143,21.288095238095234,10.285238095238096,79.72857142857143,34.980000000000004,7,0.0,,,,101.48127611019983,,,,,188.92,419.37666666666667,586.2466666666667,5,autumn,9.631238095238096,7.208761904761904,0.0,,,70.0,4,academic_proxy_uuw_2017_recovery_not_gazetted_trigger,2022-05-02,Features use only observations dated on or before week_start. Target is combined storage four weeks later. Rain climatology is past-only.
2022-05-09,,,,,,,,,,,0,,,4.166666666666667,13.675714285714287,20.187619047619048,9.065238095238096,80.43619047619048,28.080000000000002,7,0.0,,,,101.64292771850309,,,,,72.48666666666666,353.17333333333335,546.5733333333334,5,autumn,9.831481481481482,-5.664814814814815,1.0,,,70.0,4,academic_proxy_uuw_2017_recovery_not_gazetted_trigger,2022-05-09,Features use only observations dated on or before week_start. Target is combined storage four weeks later. Rain climatology is past-only.
2022-05-16,,,,,,,,,,,0,,,69.01666666666667,13.53952380952381,18.81952380952381,9.712380952380952,81.89095238095238,22.130000000000003,7,43.19029458363851,,,,101.18601429525019,,,,,105.4,384.08666666666664,571.1366666666668,5,autumn,9.67837837837838,59.33828828828828,0.0,,,70.0,4,academic_proxy_uuw_2017_recovery_not_gazetted_trigger,2022-05-16,Features use only observations dated on or before week_start. Target is combined storage four weeks later. Rain climatology is past-only.
2022-05-23,,,,,,,,,,,0,,,3.3733333333333335,14.012857142857143,20.77047619047619,9.336666666666668,75.57333333333334,26.44,7,1.8158884048461914,,,,,,,,,93.39666666666666,362.59333333333336,543.8766666666667,5,autumn,11.239912280701754,-7.866578947368421,1.0,,,70.0,4,academic_proxy_uuw_2017_recovery_not_gazetted_trigger,2022-05-23,Features use only observations dated on or before week_start. Target is combined storage four weeks later. Rain climatology is past-only.
2022-05-30,,,,,,,,,,,0,,,1.1900000000000002,10.220476190476191,16.755238095238095,5.671428571428572,67.92428571428572,21.446666666666665,7,0.0,,,,,,,,,77.74666666666666,266.6666666666667,497.12333333333333,5,autumn,11.038205128205128,-9.848205128205128,2.0,,,70.0,4,academic_proxy_uuw_2017_recovery_not_gazetted_trigger,2022-05-30,Features use only observations dated on or before week_start. Target is combined storage four weeks later. Rain climatology is past-only.
2022-06-06,,,,,,,,,,,0,,,1.3233333333333333,12.741904761904761,19.867142857142856,8.03,71.51,22.33,7,0.0,,,,,,,,,74.90333333333332,147.39,428.07666666666665,6,winter,1.4524761904761905,-0.12914285714285723,3.0,,,70.0,4,academic_proxy_uuw_2017_recovery_not_gazetted_trigger,2022-06-06,Features use only observations dated on or before week_start. Target is combined storage four weeks later. Rain climatology is past-only.
2022-06-13,,,,,,,,,,,0,,,0.5766666666666667,10.469999999999999,17.24047619047619,5.22047619047619,64.51095238095238,17.043333333333333,7,17.71378924232431,,,,,,,,,6.46333333333332,111.86333333333334,390.55,6,winter,1.448888888888889,-0.8722222222222222,4.0,,,70.0,4,academic_proxy_uuw_2017_recovery_not_gazetted_trigger,2022-06-13,Features use only observations dated on or before week_start. Target is combined storage four weeks later. Rain climatology is past-only.
2022-06-20,,,,,,,,,,,0,,,6.58,10.908095238095239,17.065714285714286,6.693809523809523,83.48142857142857,14.063333333333333,7,3.1899659633636475,,,,,,,,,9.669999999999986,103.06666666666666,372.2633333333334,6,winter,1.4253153153153153,5.1546846846846845,0.0,,,70.0,4,academic_proxy_uuw_2017_recovery_not_gazetted_trigger,2022-06-20,Features use only observations dated on or before week_start. Target is combined storage four weeks later. Rain climatology is past-only.
2022-06-27,,,,,,,,,,,0,,,0.0,10.408095238095239,18.564761904761905,4.988571428571428,58.83761904761905,20.513333333333332,7,0.0,,,,,,,,,8.479999999999986,86.22666666666666,275.1466666666667,6,winter,1.5609649122807017,-1.5609649122807017,1.0,,,70.0,4,academic_proxy_uuw_2017_recovery_not_gazetted_trigger,2022-06-27,Features use only observations dated on or before week_start. Target is combined storage four weeks later. Rain climatology is past-only.
2022-07-04,,,,,,,,,,,0,,,0.16,12.653333333333332,19.91761904761905,7.82095238095238,72.23095238095237,19.386666666666667,7,0.7474602063496908,,,,,,,,,7.316666666666652,82.22,154.7066666666667,7,winter,5.782571428571428,-5.622571428571428,2.0,,,70.0,4,academic_proxy_uuw_2017_recovery_not_gazetted_trigger,2022-07-04,Features use only observations dated on or before week_start. Target is combined storage four weeks later. Rain climatology is past-only.
2022-07-11,,,,,,,,,,,0,,,0.06333333333333334,11.23,18.722857142857144,6.318571428571429,73.61857142857143,16.726666666666667,7,0.982215404510498,,,,,,,,,6.8033333333333195,13.266666666666667,118.6666666666667,7,winter,5.626388888888888,-5.563055555555555,3.0,,,70.0,4,academic_proxy_uuw_2017_recovery_not_gazetted_trigger,2022-07-11,Features use only observations dated on or before week_start. Target is combined storage four weeks later. Rain climatology is past-only.
2022-07-18,,,,,,,,,,,0,,,2.1366666666666667,12.473809523809523,19.68857142857143,7.023809523809524,69.29714285714286,18.16,7,0.0,,,,,,,,,2.3599999999999857,12.030000000000001,105.42666666666669,7,winter,5.476036036036035,-3.3393693693693685,4.0,,,70.0,4,academic_proxy_uuw_2017_recovery_not_gazetted_trigger,2022-07-18,Features use only observations dated on or before week_start. Target is combined storage four weeks later. Rain climatology is past-only.
2022-07-25,,,,,,,,,,,0,,,11.579999999999998,11.491428571428571,18.439047619047617,6.173809523809523,74.68333333333335,13.006666666666668,7,9.353424946467081,,,,,,,,,13.939999999999984,22.419999999999998,100.1666666666667,7,winter,5.388157894736842,6.191842105263157,0.0,,,70.0,4,academic_proxy_uuw_2017_recovery_not_gazetted_trigger,2022-07-25,Features use only observations dated on or before week_start. Target is combined storage four weeks later. Rain climatology is past-only.
2022-08-01,,,,,,,,,,,0,,,2.95,13.04047619047619,20.26904761904762,7.737619047619047,77.8247619047619,16.68,7,0.0,,,,,,,,,16.729999999999983,24.046666666666663,98.95000000000003,8,winter,5.445092592592592,-2.4950925925925915,1.0,,,70.0,4,academic_proxy_uuw_2017_recovery_not_gazetted_trigger,2022-08-01,Features use only observations dated on or before week_start. Target is combined storage four weeks later. Rain climatology is past-only.
2022-08-08,,,,,,,,,,,0,,,3.7733333333333334,14.030952380952382,21.82333333333333,9.043333333333333,71.96095238095238,19.060000000000002,7,7.312197685241699,,,,,,,,,20.439999999999984,27.243333333333332,33.70666666666669,8,winter,5.3776576576576565,-1.604324324324323,2.0,,,70.0,4,academic_proxy_uuw_2017_recovery_not_gazetted_trigger,2022-08-08,Features use only observations dated on or before week_start. Target is combined storage four weeks later. Rain climatology is past-only.
2022-08-15,,,,,,,,,,,0,,,6.046666666666666,10.44047619047619,18.475714285714282,4.271904761904762,63.50666666666667,14.586666666666666,7,8.186601003011068,,,,,,,,,24.349999999999984,26.709999999999997,36.380000000000024,8,winter,5.335438596491227,0.711228070175439,0.0,,,70.0,4,academic_proxy_uuw_2017_recovery_not_gazetted_trigger,2022-08-15,Features use only observations dated on or before week_start. Target is combined storage four weeks later. Rain climatology is past-only.
2022-08-22,,,,,,,,,,,0,,,0.7166666666666666,14.28,23.310000000000002,8.10952380952381,65.38809523809525,21.07,7,0.0,,,,,,,,,13.486666666666652,27.426666666666662,35.906666666666695,8,winter,5.353675213675213,-4.637008547008546,1.0,,,70.0,4,academic_proxy_uuw_2017_recovery_not_gazetted_trigger,2022-08-22,Features use only observations dated on or before week_start. Target is combined storage four weeks later. Rain climatology is past-only.
2022-08-29,,,,,,,,,,,0,,,3.246666666666667,13.517619047619048,21.645238095238092,7.0600000000000005,64.16428571428571,17.513333333333335,7,0.0,,,,,,,,,13.783333333333317,30.513333333333332,37.83000000000003,8,winter,5.23775,-1.991083333333333,2.0,,,70.0,4,academic_proxy_uuw_2017_recovery_not_gazetted_trigger,2022-08-29,Features use only observations dated on or before week_start. Target is combined storage four weeks later. Rain climatology is past-only.
2022-09-05,,,,,,,,,,,0,,,1.4233333333333333,16.96,26.30666666666667,10.37857142857143,64.45142857142856,20.58,7,0.0,,,,,,,,,11.433333333333318,31.87333333333333,38.6766666666667,9,spring,15.924215686274511,-14.500882352941177,3.0,,,70.0,4,academic_proxy_uuw_2017_recovery_not_gazetted_trigger,2022-09-05,Features use only observations dated on or before week_start. Target is combined storage four weeks later. Rain climatology is past-only.
2022-09-12,,,,,,,,,,,0,,,5.503333333333334,17.509999999999998,25.252857142857145,11.784761904761906,68.35380952380953,18.086666666666666,7,3.917391777038574,,,,,,,,,10.889999999999986,35.239999999999995,37.60000000000002,9,spring,15.509904761904762,-10.006571428571428,0.0,,,70.0,4,academic_proxy_uuw_2017_recovery_not_gazetted_trigger,2022-09-12,Features use only observations dated on or before week_start. Target is combined storage four weeks later. Rain climatology is past-only.
2022-09-19,,,,,,,,,,,0,,,31.369999999999997,15.43047619047619,23.24047619047619,9.459999999999999,72.83333333333334,22.886666666666667,7,22.900328318277996,,,,,,,,,41.543333333333315,55.03,68.97000000000003,9,spring,15.231944444444444,16.138055555555553,0.0,,,70.0,4,academic_proxy_uuw_2017_recovery_not_gazetted_trigger,2022-09-19,Features use only observations dated on or before week_start. Target is combined storage four weeks later. Rain climatology is past-only.
2022-09-26,,,,,,,,,,,0,,,2.396666666666667,19.415714285714284,27.613809523809522,13.85,76.03761904761905,22.39666666666667,7,5.61417771751682,,,,,,,,,40.693333333333314,54.47666666666666,71.20666666666669,9,spring,15.66810810810811,-13.271441441441443,1.0,,,70.0,4,academic_proxy_uuw_2017_recovery_not_gazetted_trigger,2022-09-26,Features use only observations dated on or before week_start. Target is combined storage four weeks later. Rain climatology is past-only.
2022-10-03,,,,,,,,,,,0,,,12.786666666666665,19.197142857142858,28.59714285714286,13.109047619047617,70.79190476190476,18.58,7,12.350418448448181,,,,,,,,,52.05666666666664,63.489999999999995,83.93000000000002,10,spring,20.193809523809524,-7.407142857142858,0.0,,,70.0,4,academic_proxy_uuw_2017_recovery_not_gazetted_trigger,2022-10-03,Features use only observations dated on or before week_start. Target is combined storage four weeks later. Rain climatology is past-only.
2022-10-10,,,,,,,,,,,0,,,20.883333333333333,20.941904761904762,28.555238095238092,15.536666666666665,70.22809523809524,20.703333333333333,7,18.723865975936256,,,,,,,,,67.43666666666664,78.32666666666665,102.67666666666668,10,spring,19.988055555555555,0.8952777777777783,0.0,,,70.0,4,academic_proxy_uuw_2017_recovery_not_gazetted_trigger,2022-10-10,Features use only observations dated on or before week_start. Target is combined storage four weeks later. Rain climatology is past-only.
2022-10-17,,,,,,,,,,,0,,,37.413333333333334,19.713333333333335,26.39428571428571,14.25047619047619,78.79809523809524,24.57333333333333,7,31.7698957324028,,,,,,,,,73.47999999999999,115.02333333333333,128.51000000000002,10,spring,20.01225225225225,17.401081081081085,0.0,,,70.0,4,academic_proxy_uuw_2017_recovery_not_gazetted_trigger,2022-10-17,Features use only observations dated on or before week_start. Target is combined storage four weeks later. Rain climatology is past-only.
2022-10-24,,,,,,,,,,,0,,,58.93000000000001,18.96142857142857,25.952380952380956,13.533809523809524,77.19095238095238,39.129999999999995,7,33.91412071386973,,,,,,,,,130.01333333333332,170.70666666666668,184.49,10,spring,20.47017543859649,38.45982456140352,0.0,,,70.0,4,academic_proxy_uuw_2017_recovery_not_gazetted_trigger,2022-10-24,Features use only observations dated on or before week_start. Target is combined storage four weeks later. Rain climatology is past-only.
2022-10-31,,,,,,,,,,,0,,,32.026666666666664,16.616190476190475,22.770952380952384,12.558571428571428,82.06047619047618,26.383333333333333,7,19.53159471352895,,,,,,,,,149.25333333333333,201.31,212.74333333333334,10,spring,21.456324786324785,10.570341880341878,0.0,,,70.0,4,academic_proxy_uuw_2017_recovery_not_gazetted_trigger,2022-10-31,Features use only observations dated on or before week_start. Target is combined storage four weeks later. Rain climatology is past-only.
2022-11-07,,,,,,,,,,,0,,,35.53666666666667,18.953809523809525,25.044285714285714,14.204285714285714,80.83857142857143,33.416666666666664,7,25.480961799621582,,,,,,,,,163.90666666666667,231.34333333333333,242.23333333333335,11,spring,28.69361904761905,6.843047619047621,0.0,,,70.0,4,academic_proxy_uuw_2017_recovery_not_gazetted_trigger,2022-11-07,Features use only observations dated on or before week_start. Target is combined storage four weeks later. Rain climatology is past-only.
2022-11-14,,,,,,,,,,,0,,,18.11,18.58904761904762,26.417619047619045,12.35095238095238,76.09904761904761,45.17333333333333,7,17.90122620264689,,,,,,,,,144.60333333333332,218.08333333333331,259.62666666666667,11,spring,28.883703703703702,-10.773703703703703,0.0,,,70.0,4,academic_proxy_uuw_2017_recovery_not_gazetted_trigger,2022-11-14,Features use only observations dated on or before week_start. Target is combined storage four weeks later. Rain climatology is past-only.
2022-11-21,,,,,,,,,,,0,,,116.01666666666668,18.857142857142858,25.50952380952381,13.884285714285713,77.84380952380953,38.983333333333334,7,50.223035871982574,,,,,,,,,201.69,331.7033333333334,372.3966666666667,11,spring,28.59252252252252,87.42414414414417,0.0,,,70.0,4,academic_proxy_uuw_2017_recovery_not_gazetted_trigger,2022-11-21,Features use only observations dated on or before week_start. Target is combined storage four weeks later. Rain climatology is past-only.
2022-11-28,,,,,,,,,,,0,,,10.006666666666666,19.15142857142857,26.383809523809525,13.233809523809525,76.31380952380952,65.81333333333333,7,11.953186730543772,,,,,,,,,179.67,328.92333333333335,380.98,11,spring,30.893157894736838,-20.88649122807017,0.0,105.51604926535435,0.0,70.0,4,academic_proxy_uuw_2017_recovery_not_gazetted_trigger,2022-11-28,Features use only observations dated on or before week_start. Target is combined storage four weeks later. Rain climatology is past-only.
2022-12-05,,,,,,,,,,,0,,,99.13,20.316190476190478,26.42238095238095,15.351904761904763,79.55666666666666,44.24666666666667,7,46.647833665212,,,,,,,,,243.26333333333332,407.17,474.6066666666667,12,summer,37.766571428571424,61.36342857142857,0.0,105.32695117870922,0.0,70.0,4,academic_proxy_uuw_2017_recovery_not_gazetted_trigger,2022-12-05,Features use only observations dated on or before week_start. Target is combined storage four weeks later. Rain climatology is past-only.
2022-12-12,,,,,,,,,,,0,,,107.8,20.87952380952381,25.86190476190476,16.988095238095237,86.29809523809524,49.0,7,45.57018025716146,,,,,,,,,332.9533333333333,477.5566666666666,551.0366666666666,12,summer,39.471111111111114,68.32888888888888,0.0,102.51766359754491,0.0,70.0,4,academic_proxy_uuw_2017_recovery_not_gazetted_trigger,2022-12-12,Features use only observations dated on or before week_start. Target is combined storage four weeks later. Rain climatology is past-only.
2022-12-19,,,,,,,,,,,0,,,91.84,18.815238095238094,24.104761904761908,14.234285714285713,83.7747619047619,51.70666666666666,7,51.68908619880676,,,,,,,,,308.77666666666664,510.4666666666667,640.48,12,summer,41.317837837837835,50.52216216216217,0.0,101.4733987475073,0.0,70.0,4,academic_proxy_uuw_2017_recovery_not_gazetted_trigger,2022-12-19,Features use only observations dated on or before week_start. Target is combined storage four weeks later. Rain climatology is past-only.
2022-12-26,102.48891669722947,241.27940768861762,108.09814415214947,308.7715389561997,95.6197404022091,22.222027669473395,107.8196073446258,255.96374783614164,103.06075828607453,143.46057553421574,5,971.6972976846482,105.51604926535435,84.60333333333334,18.13714285714286,24.10809523809524,13.174285714285714,85.41857142857144,47.54,7,50.68610294659933,,,,,,,,,383.37333333333333,563.0433333333333,712.2966666666667,12,summer,42.647368421052626,41.95596491228071,0.0,101.29097405486387,0.0,70.0,4,academic_proxy_uuw_2017_recovery_not_gazetted_trigger,2022-12-26,Features use only observations dated on or before week_start. Target is combined storage four weeks later. Rain climatology is past-only.
2023-01-02,102.45117837870839,241.19056413915527,107.71154610172707,307.66726028497317,89.23845444011532,20.7390168118828,107.80461707347774,255.92816093243619,103.75782416399834,144.43089123628567,5,969.9558934047332,105.32695117870922,98.54,18.173809523809524,23.225238095238094,13.511904761904761,84.22857142857143,54.42333333333333,7,19.302419861157738,105.51604926535435,,,,-0.1890980866451315,,,,382.7833333333333,626.0466666666667,789.9533333333334,1,summer,44.152666666666654,54.38733333333335,0.0,102.03929538411248,0.0,70.0,4,academic_proxy_uuw_2017_recovery_not_gazetted_trigger,2023-01-02,Features use only observations dated on or before week_start. Target is combined storage four weeks later. Rain climatology is past-only.
2023-01-09,100.75632665321032,237.20054420698773,103.12537086661959,294.5673093434122,101.9247778738148,23.687318377874558,104.16285947685007,247.28262839804208,101.5426463674386,141.34736374347452,5,944.0851640697911,102.51766359754491,1.4,22.67761904761905,29.626666666666665,16.26,74.17238095238096,103.42,7,0.0,105.32695117870922,,,,-2.8092875811643125,,,,276.3833333333333,609.3366666666667,753.94,1,summer,45.663425925925914,-44.263425925925915,1.0,102.79972909667393,0.0,70.0,4,academic_proxy_uuw_2017_recovery_not_gazetted_trigger,2023-01-09,Features use only observations dated on or before week_start. Target is combined storage four weeks later. Rain climatology is past-only.
2023-01-16,100.65910622390236,236.9716678723109,101.36151472009928,289.52903064649155,100.51268003150041,23.35914683932069,102.79977856205338,244.0466743063147,100.97845502971036,140.56200940135682,5,934.4685290657948,101.4733987475073,18.733333333333334,23.36952380952381,29.53952380952381,18.35095238095238,75.64333333333333,82.41,7,26.61251401901245,102.51766359754491,,,,-1.0442648500376066,,,,203.27666666666667,512.0533333333333,713.7433333333333,1,summer,44.46711711711711,-25.733783783783778,0.0,104.06367323971907,0.0,70.0,4,academic_proxy_uuw_2017_recovery_not_gazetted_trigger,2023-01-16,Features use only observations dated on or before week_start. Target is combined storage four weeks later. Rain climatology is past-only.
2023-01-23,100.66693649126574,236.9901018877378,100.99165886697645,288.47257438763154,100.58442442021926,23.375820235258956,102.40385928096413,243.10676193300887,101.18054714626737,140.84332162760415,5,932.7885800712413,101.29097405486387,49.349999999999994,20.316666666666666,26.0,15.503333333333334,80.56476190476191,64.89666666666666,7,33.09313678741455,101.4733987475073,105.51604926535435,,,-0.18242469264343697,-4.225075210490488,,,168.0233333333333,551.3966666666666,731.0666666666667,1,summer,43.78991228070175,5.560087719298245,0.0,102.62574807391255,0.0,70.0,4,academic_proxy_uuw_2017_recovery_not_gazetted_trigger,2023-01-23,Features use only observations dated on or before week_start. Target is combined storage four weeks later. Rain climatology is past-only.
2023-01-30,100.67204897891291,237.00213770615676,102.28700780161687,292.1726090845384,101.88463585536684,23.677989372787252,103.25459025031006,245.12639725423608,101.79650702196362,141.70073777457335,5,939.6798711922918,102.03929538411248,62.846666666666664,19.915714285714284,25.294761904761906,15.405714285714286,85.9542857142857,59.406666666666666,7,44.87965885798137,101.29097405486387,105.32695117870922,,,0.7483213292486113,-3.287655794596745,,,132.32999999999996,515.1133333333333,758.3766666666667,1,summer,43.93247863247863,18.914188034188037,0.0,102.40383020722568,0.0,70.0,4,academic_proxy_uuw_2017_recovery_not_gazetted_trigger,2023-01-30,Features use only observations dated on or before week_start. Target is combined storage four weeks later. Rain climatology is past-only.
2023-02-06,101.26098075759775,238.3886008995366,103.36142446214738,295.24157283367776,101.84681587243942,23.66920000875492,103.87219476276977,246.59259036681541,102.57955541845217,142.79074114248542,5,946.6827052512702,102.79972909667393,96.07666666666667,19.502857142857142,23.944761904761908,15.70904761904762,88.38619047619048,41.723333333333336,7,41.51797993977865,102.03929538411248,102.51766359754491,,,0.7604337125614506,0.28206549912901835,,,227.00666666666663,503.39000000000004,836.3433333333332,2,summer,36.829393939393945,59.24727272727272,0.0,,,70.0,4,academic_proxy_uuw_2017_recovery_not_gazetted_trigger,2023-02-06,Features use only observations dated on or before week_start. Target is combined storage four weeks later. Rain climatology is past-only.
2023-02-13,102.10376444150475,240.37268224819047,105.45832403575217,301.23115677572247,102.50599854814475,23.822394062588838,104.94141150062659,249.13091090248753,103.27961413475825,143.76522287558348,5,958.3223668645728,104.06367323971907,72.91,20.622380952380954,24.804285714285715,17.56142857142857,88.13904761904762,43.343333333333334,7,33.19204092025757,102.79972909667393,101.4733987475073,,,1.263944143045137,2.590274492211762,,,281.1833333333333,484.46000000000004,793.2366666666667,2,summer,38.571960784313724,34.33803921568627,0.0,,,70.0,4,academic_proxy_uuw_2017_recovery_not_gazetted_trigger,2023-02-13,Features use only observations dated on or before week_start. Target is combined storage four weeks later. Rain climatology is past-only.
2023-02-20,100.90613271079394,237.55321762775108,103.5402686596051,295.752423399296,100.75140624999999,23.414626812499996,103.9896114922987,246.87133768271713,101.64433081206639,141.4889084903964,5,945.0805140126606,102.62574807391255,15.636666666666667,19.650952380952383,25.725714285714286,14.384761904761904,81.28,67.7,7,26.599578221639,104.06367323971907,101.29097405486387,105.51604926535435,,-1.4379251658065186,1.3347740190486803,-2.8903011914418073,,247.46999999999997,415.49333333333334,798.8666666666667,2,summer,39.553047619047625,-23.91638095238096,0.0,,,70.0,4,academic_proxy_uuw_2017_recovery_not_gazetted_trigger,2023-02-20,Features use only observations dated on or before week_start. Target is combined storage four weeks later. Rain climatology is past-only.
2023-02-27,100.96192551531857,237.68456504816297,102.8541842299222,293.79269183434974,101.34171890483537,23.55181547348374,103.85421198640674,246.5498992557296,101.62205514843033,141.457900766615,5,943.0368723783412,102.40383020722568,36.16666666666667,20.310000000000002,25.738095238095237,15.651428571428571,86.14619047619047,61.730000000000004,7,0.5601123571395874,102.62574807391255,102.03929538411248,105.32695117870922,,-0.22191786668686575,0.3645348231132033,-2.9231209714835416,,220.79,353.12,735.9033333333333,2,summer,38.88870370370371,-2.7220370370370404,0.0,,,70.0,4,academic_proxy_uuw_2017_recovery_not_gazetted_trigger,2023-02-27,Features use only observations dated on or before week_start. Target is combined storage four weeks later. Rain climatology is past-only.
2023-03-06,,,,,,,,,,,0,,,22.69,20.535714285714285,25.95904761904762,16.268571428571427,85.73190476190476,57.89666666666666,7,19.972538312276207,102.40383020722568,102.79972909667393,102.51766359754491,,,,,,147.4033333333333,374.41,650.7933333333334,3,autumn,27.687264957264954,-4.997264957264953,0.0,,,70.0,4,academic_proxy_uuw_2017_recovery_not_gazetted_trigger,2023-03-06,Features use only observations dated on or before week_start. Target is combined storage four weeks later. Rain climatology is past-only.
2023-03-13,,,,,,,,,,,0,,,21.586666666666666,20.14190476190476,25.916666666666664,15.37095238095238,83.73428571428572,60.800000000000004,7,13.953654925028484,,104.06367323971907,101.4733987475073,,,,,,96.07999999999998,377.2633333333333,580.54,3,autumn,27.562333333333335,-5.975666666666669,0.0,,,70.0,4,academic_proxy_uuw_2017_recovery_not_gazetted_trigger,2023-03-13,Features use only observations dated on or before week_start. Target is combined storage four weeks later. Rain climatology is past-only.
2023-03-20,,,,,,,,,,,0,,,20.263333333333332,20.656666666666666,25.98333333333333,16.538571428571426,82.25428571428571,49.63666666666666,7,22.446454763412476,,102.62574807391255,101.29097405486387,105.51604926535435,,,,,100.70666666666665,348.1766666666667,516.2,3,autumn,27.416585365853656,-7.153252032520324,0.0,,,70.0,4,academic_proxy_uuw_2017_recovery_not_gazetted_trigger,2023-03-20,Features use only observations dated on or before week_start. Target is combined storage four weeks later. Rain climatology is past-only.
2023-03-27,,,,,,,,,,,0,,,4.493333333333333,16.818095238095236,23.294285714285714,11.747619047619049,79.69333333333334,45.47666666666667,7,3.7966780662536617,,102.40383020722568,102.03929538411248,105.32695117870922,,,,,69.0333333333333,289.8233333333333,422.15333333333336,3,autumn,27.24626984126984,-22.752936507936507,1.0,,,70.0,4,academic_proxy_uuw_2017_recovery_not_gazetted_trigger,2023-03-27,Features use only observations dated on or before week_start. Target is combined storage four weeks later. Rain climatology is past-only.
2023-04-03,,,,,,,,,,,0,,,9.763333333333334,17.74190476190476,24.470000000000002,12.896666666666667,78.71809523809523,45.86333333333333,7,12.896936098734539,,,102.79972909667393,102.51766359754491,,,,,56.10666666666664,203.51,430.51666666666665,4,autumn,19.77640350877193,-10.013070175438598,0.0,,,70.0,4,academic_proxy_uuw_2017_recovery_not_gazetted_trigger,2023-04-03,Features use only observations dated on or before week_start. Target is combined storage four weeks later. Rain climatology is past-only.
2023-04-10,,,,,,,,,,,0,,,3.473333333333333,15.20904761904762,22.077142857142857,9.925714285714287,76.40190476190477,35.28333333333333,7,6.855810324350993,,,104.06367323971907,101.4733987475073,,,,,37.993333333333304,134.07333333333335,415.2566666666667,4,autumn,19.51965811965812,-16.04632478632479,1.0,,,70.0,4,academic_proxy_uuw_2017_recovery_not_gazetted_trigger,2023-04-10,Features use only observations dated on or before week_start. Target is combined storage four weeks later. Rain climatology is past-only.
2023-04-17,,,,,,,,,,,0,,,0.17666666666666667,16.802857142857142,24.60333333333333,10.826666666666666,58.16952380952381,36.4,7,6.301978826522827,,,102.62574807391255,101.29097405486387,,,,,17.906666666666638,118.61333333333334,366.08333333333337,4,autumn,19.1185,-18.941833333333335,2.0,,,70.0,4,academic_proxy_uuw_2017_recovery_not_gazetted_trigger,2023-04-17,Features use only observations dated on or before week_start. Target is combined storage four weeks later. Rain climatology is past-only.
2023-04-24,,,,,,,,,,,0,,,10.843333333333334,17.986190476190476,24.694285714285712,13.21095238095238,74.66571428571429,24.58,7,4.52475627263387,,,102.40383020722568,102.03929538411248,,,,,24.25666666666664,93.29,314.08000000000004,4,autumn,18.65650406504065,-7.8131707317073165,0.0,,,70.0,4,academic_proxy_uuw_2017_recovery_not_gazetted_trigger,2023-04-24,Features use only observations dated on or before week_start. Target is combined storage four weeks later. Rain climatology is past-only.
2023-05-01,,,,,,,,,,,0,,,22.936666666666667,16.90285714285714,23.919999999999998,11.885714285714284,75.2895238095238,22.813333333333333,7,5.576336284478505,,,,102.79972909667393,,,,,37.42999999999997,93.53666666666666,240.94000000000003,5,autumn,10.792,12.144666666666668,0.0,,,70.0,4,academic_proxy_uuw_2017_recovery_not_gazetted_trigger,2023-05-01,Features use only observations dated on or before week_start. Target is combined storage four weeks later. Rain climatology is past-only.
2023-05-08,,,,,,,,,,,0,,,60.943333333333335,14.440476190476192,19.28238095238095,10.965238095238094,85.3304761904762,18.046666666666667,7,37.6074853738149,,,,104.06367323971907,,,,,94.89999999999998,132.89333333333332,228.97333333333336,5,autumn,11.08821138211382,49.855121951219516,0.0,,,70.0,4,academic_proxy_uuw_2017_recovery_not_gazetted_trigger,2023-05-08,Features use only observations dated on or before week_start. Target is combined storage four weeks later. Rain climatology is past-only.
2023-05-15,,,,,,,,,,,0,,,44.290000000000006,11.893333333333333,17.845238095238095,7.291428571428573,79.07238095238095,21.633333333333333,7,8.474529425303142,,,,102.62574807391255,,,,,139.01333333333332,156.92000000000002,257.6266666666667,5,autumn,12.275238095238096,32.01476190476191,0.0,,,70.0,4,academic_proxy_uuw_2017_recovery_not_gazetted_trigger,2023-05-15,Features use only observations dated on or before week_start. Target is combined storage four weeks later. Rain climatology is past-only.
2023-05-22,,,,,,,,,,,0,,,0.30333333333333334,12.96761904761905,20.052380952380954,7.578095238095238,70.71380952380953,24.29,7,0.0,,,,102.40383020722568,,,,,128.4733333333333,152.73000000000002,221.76333333333338,5,autumn,13.019767441860466,-12.716434108527134,1.0,,,70.0,4,academic_proxy_uuw_2017_recovery_not_gazetted_trigger,2023-05-22,Features use only observations dated on or before week_start. Target is combined storage four weeks later. Rain climatology is past-only.
2023-05-29,,,,,,,,,,,0,,,6.2733333333333325,13.209999999999999,19.42809523809524,8.987142857142857,75.3947619047619,17.476666666666667,7,20.748222748438515,,,,,,,,,111.80999999999997,149.24,205.3466666666667,5,autumn,12.730757575757575,-6.457424242424243,0.0,,,70.0,4,academic_proxy_uuw_2017_recovery_not_gazetted_trigger,2023-05-29,Features use only observations dated on or before week_start. Target is combined storage four weeks later. Rain climatology is past-only.
2023-06-05,,,,,,,,,,,0,,,0.0,12.316190476190476,20.278095238095236,6.6623809523809525,66.88380952380952,20.266666666666666,7,0.0,,,,,,,,,50.866666666666646,145.76666666666665,183.76000000000002,6,winter,1.5209401709401709,-1.5209401709401709,1.0,,,70.0,4,academic_proxy_uuw_2017_recovery_not_gazetted_trigger,2023-06-05,Features use only observations dated on or before week_start. Target is combined storage four weeks later. Rain climatology is past-only.
2023-06-12,,,,,,,,,,,0,,,0.18000000000000002,12.006190476190477,20.32238095238095,6.353809523809524,62.142380952380954,17.22,7,3.718895355860392,,,,,,,,,6.7566666666666375,145.77,163.6766666666667,6,winter,1.4829166666666667,-1.3029166666666667,2.0,,,70.0,4,academic_proxy_uuw_2017_recovery_not_gazetted_trigger,2023-06-12,Features use only observations dated on or before week_start. Target is combined storage four weeks later. Rain climatology is past-only.
2023-06-19,,,,,,,,,,,0,,,0.42,11.062380952380952,19.28142857142857,5.562380952380953,69.34285714285714,13.403333333333332,7,0.0,,,,,,,,,6.873333333333304,135.3466666666667,159.60333333333338,6,winter,1.4511382113821136,-1.0311382113821137,3.0,,,70.0,4,academic_proxy_uuw_2017_recovery_not_gazetted_trigger,2023-06-19,Features use only observations dated on or before week_start. Target is combined storage four weeks later. Rain climatology is past-only.
2023-06-26,,,,,,,,,,,0,,,42.446666666666665,12.053809523809523,18.38047619047619,7.683333333333333,75.50999999999999,13.51,7,9.08098824818929,,,,,,,,,43.04666666666664,154.85666666666668,192.2866666666667,6,winter,1.4265873015873016,41.02007936507936,0.0,,,70.0,4,academic_proxy_uuw_2017_recovery_not_gazetted_trigger,2023-06-26,Features use only observations dated on or before week_start. Target is combined storage four weeks later. Rain climatology is past-only.
2023-07-03,,,,,,,,,,,0,,,9.526666666666666,11.604761904761904,19.265238095238093,6.190952380952381,67.78142857142858,14.783333333333333,7,7.698386192321777,,,,,,,,,52.5733333333333,103.44000000000001,198.34000000000003,7,winter,5.546923076923076,3.979743589743589,0.0,,,70.0,4,academic_proxy_uuw_2017_recovery_not_gazetted_trigger,2023-07-03,Features use only observations dated on or before week_start. Target is combined storage four weeks later. Rain climatology is past-only.
2023-07-10,,,,,,,,,,,0,,,6.49,9.397619047619047,16.373809523809523,4.379047619047619,70.03238095238096,12.166666666666668,7,0.9385400613149008,,,,,,,,,58.883333333333304,65.64,204.65333333333336,7,winter,5.646416666666667,0.8435833333333331,0.0,,,70.0,4,academic_proxy_uuw_2017_recovery_not_gazetted_trigger,2023-07-10,Features use only observations dated on or before week_start. Target is combined storage four weeks later. Rain climatology is past-only.
2023-07-17,,,,,,,,,,,0,,,6.386666666666667,11.364285714285714,18.398571428571426,6.41047619047619,68.99809523809525,12.673333333333332,7,4.217557430267334,,,,,,,,,64.84999999999997,71.72333333333334,200.19666666666672,7,winter,5.6669918699187,0.7196747967479666,0.0,,,70.0,4,academic_proxy_uuw_2017_recovery_not_gazetted_trigger,2023-07-17,Features use only observations dated on or before week_start. Target is combined storage four weeks later. Rain climatology is past-only.
2023-07-24,,,,,,,,,,,0,,,1.1433333333333333,13.206666666666665,21.51142857142857,7.250476190476191,65.75380952380952,14.670000000000002,7,0.629546324412028,,,,,,,,,23.54666666666664,66.59333333333333,178.40333333333336,7,winter,5.684126984126984,-4.540793650793651,1.0,,,70.0,4,academic_proxy_uuw_2017_recovery_not_gazetted_trigger,2023-07-24,Features use only observations dated on or before week_start. Target is combined storage four weeks later. Rain climatology is past-only.
2023-07-31,,,,,,,,,,,0,,,0.043333333333333335,11.41,19.936666666666667,5.261904761904761,61.948095238095235,12.219999999999999,7,0.0,,,,,,,,,14.063333333333306,66.63666666666667,117.50333333333337,7,winter,5.578527131782947,-5.535193798449614,2.0,,,70.0,4,academic_proxy_uuw_2017_recovery_not_gazetted_trigger,2023-07-31,Features use only observations dated on or before week_start. Target is combined storage four weeks later. Rain climatology is past-only.
2023-08-07,,,,,,,,,,,0,,,8.01,13.879523809523809,22.29904761904762,8.131904761904762,66.51047619047618,13.706666666666667,7,0.0,,,,,,,,,15.583333333333306,74.46666666666667,81.22333333333336,8,winter,5.189186991869919,2.820813008130081,0.0,,,70.0,4,academic_proxy_uuw_2017_recovery_not_gazetted_trigger,2023-08-07,Features use only observations dated on or before week_start. Target is combined storage four weeks later. Rain climatology is past-only.
2023-08-14,,,,,,,,,,,0,,,4.1433333333333335,14.12095238095238,22.513333333333332,8.321428571428571,70.80333333333333,10.43,7,6.722048620382945,,,,,,,,,13.339999999999971,78.19000000000001,85.06333333333338,8,winter,5.256349206349206,-1.1130158730158728,1.0,,,70.0,4,academic_proxy_uuw_2017_recovery_not_gazetted_trigger,2023-08-14,Features use only observations dated on or before week_start. Target is combined storage four weeks later. Rain climatology is past-only.
2023-08-21,,,,,,,,,,,0,,,55.59666666666667,13.492857142857144,22.33904761904762,7.273809523809525,63.72952380952381,15.676666666666668,7,11.654230117797852,,,,,,,,,67.79333333333331,91.34,134.3866666666667,8,winter,5.23046511627907,50.3662015503876,0.0,,,70.0,4,academic_proxy_uuw_2017_recovery_not_gazetted_trigger,2023-08-21,Features use only observations dated on or before week_start. Target is combined storage four weeks later. Rain climatology is past-only.
2023-08-28,,,,,,,,,,,0,,,3.1433333333333335,15.231428571428571,24.123333333333335,9.058571428571428,66.8052380952381,23.696666666666665,7,0.0,,,,,,,,,70.8933333333333,84.95666666666666,137.53000000000003,8,winter,6.375151515151515,-3.2318181818181815,1.0,,,70.0,4,academic_proxy_uuw_2017_recovery_not_gazetted_trigger,2023-08-28,Features use only observations dated on or before week_start. Target is combined storage four weeks later. Rain climatology is past-only.
2023-09-04,,,,,,,,,,,0,,,1.5233333333333332,17.723809523809525,27.962380952380954,10.937619047619048,55.51952380952381,22.543333333333333,7,0.7980398337046305,,,,,,,,,64.40666666666664,79.99000000000001,138.87333333333336,9,spring,15.318859649122807,-13.795526315789473,2.0,,,70.0,4,academic_proxy_uuw_2017_recovery_not_gazetted_trigger,2023-09-04,Features use only observations dated on or before week_start. Target is combined storage four weeks later. Rain climatology is past-only.
2023-09-11,,,,,,,,,,,0,,,6.246666666666666,13.746666666666668,21.77190476190476,7.567619047619048,66.29809523809524,10.89,7,4.487035711606344,,,,,,,,,66.50999999999998,79.85,144.70000000000005,9,spring,14.965128205128204,-8.718461538461538,0.0,,,70.0,4,academic_proxy_uuw_2017_recovery_not_gazetted_trigger,2023-09-11,Features use only observations dated on or before week_start. Target is combined storage four weeks later. Rain climatology is past-only.
2023-09-18,,,,,,,,,,,0,,,10.55,17.93619047619048,27.37714285714286,11.166666666666666,66.07142857142857,14.766666666666666,7,9.897945761680603,,,,,,,,,21.463333333333306,89.25666666666667,112.80333333333337,9,spring,14.747166666666667,-4.197166666666666,0.0,,,70.0,4,academic_proxy_uuw_2017_recovery_not_gazetted_trigger,2023-09-18,Features use only observations dated on or before week_start. Target is combined storage four weeks later. Rain climatology is past-only.
2023-09-25,,,,,,,,,,,0,,,4.24,16.844761904761903,25.636190476190475,10.441428571428572,63.39047619047619,15.24,7,1.2796027660369873,,,,,,,,,22.559999999999974,93.45333333333333,107.5166666666667,9,spring,14.644796747967478,-10.404796747967477,1.0,,,70.0,4,academic_proxy_uuw_2017_recovery_not_gazetted_trigger,2023-09-25,Features use only observations dated on or before week_start. Target is combined storage four weeks later. Rain climatology is past-only.
2023-10-02,,,,,,,,,,,0,,,4.676666666666667,20.686666666666667,30.150952380952383,13.508571428571427,59.296190476190475,14.146666666666667,7,0.0,,,,,,,,,25.713333333333306,90.12,105.70333333333336,10,spring,21.72058333333333,-17.043916666666664,2.0,,,70.0,4,academic_proxy_uuw_2017_recovery_not_gazetted_trigger,2023-10-02,Features use only observations dated on or before week_start. Target is combined storage four weeks later. Rain climatology is past-only.
2023-10-09,,,,,,,,,,,0,,,39.53999999999999,16.56904761904762,24.118095238095236,11.37095238095238,76.94047619047619,10.396666666666667,7,22.328053951263428,,,,,,,,,59.00666666666663,125.51666666666665,138.85666666666668,10,spring,21.304878048780484,18.235121951219508,0.0,,,70.0,4,academic_proxy_uuw_2017_recovery_not_gazetted_trigger,2023-10-09,Features use only observations dated on or before week_start. Target is combined storage four weeks later. Rain climatology is past-only.
2023-10-16,,,,,,,,,,,0,,,119.28333333333333,16.61904761904762,22.818571428571428,11.405238095238094,79.96000000000001,31.53,7,54.42720254262289,,,,,,,,,167.73999999999995,189.20333333333332,256.99666666666667,10,spring,21.739047619047614,97.54428571428572,0.0,,,70.0,4,academic_proxy_uuw_2017_recovery_not_gazetted_trigger,2023-10-16,Features use only observations dated on or before week_start. Target is combined storage four weeks later. Rain climatology is past-only.
2023-10-23,,,,,,,,,,,0,,,44.39666666666667,15.687142857142858,23.225238095238094,9.441904761904762,75.66619047619047,37.86,7,44.55589485168457,,,,,,,,,207.89666666666662,230.45666666666665,301.35,10,spring,24.00751937984496,20.389147286821707,0.0,,,70.0,4,academic_proxy_uuw_2017_recovery_not_gazetted_trigger,2023-10-23,Features use only observations dated on or before week_start. Target is combined storage four weeks later. Rain climatology is past-only.
2023-10-30,,,,,,,,,,,0,,,22.93,15.403809523809525,21.747619047619047,10.44714285714286,80.41857142857143,31.023333333333333,7,9.214169184366861,,,,,,,,,226.14999999999998,251.86333333333334,316.27000000000004,10,spring,24.470909090909092,-1.5409090909090928,0.0,,,70.0,4,academic_proxy_uuw_2017_recovery_not_gazetted_trigger,2023-10-30,Features use only observations dated on or before week_start. Target is combined storage four weeks later. Rain climatology is past-only.
2023-11-06,,,,,,,,,,,0,,,28.25,19.16904761904762,26.431904761904764,13.171904761904761,76.92761904761905,44.38666666666666,7,26.039726575215656,,,,,,,,,214.85999999999996,273.8666666666667,340.3766666666667,11,spring,30.357606837606834,-2.107606837606834,0.0,,,70.0,4,academic_proxy_uuw_2017_recovery_not_gazetted_trigger,2023-11-06,Features use only observations dated on or before week_start. Target is combined storage four weeks later. Rain climatology is past-only.
2023-11-13,,,,,,,,,,,0,,,17.043333333333333,19.613809523809525,27.314285714285713,13.276190476190475,74.45380952380954,43.91,7,12.84779135386149,,,,,,,,,112.61999999999998,280.35999999999996,301.8233333333333,11,spring,30.304916666666667,-13.261583333333334,0.0,,,70.0,4,academic_proxy_uuw_2017_recovery_not_gazetted_trigger,2023-11-13,Features use only observations dated on or before week_start. Target is combined storage four weeks later. Rain climatology is past-only.
2023-11-20,,,,,,,,,,,0,,,13.883333333333333,24.07809523809524,32.144285714285715,18.191904761904762,70.36285714285714,37.32,7,14.464746793111164,,,,,,,,,82.10666666666663,290.00333333333333,312.5633333333334,11,spring,29.981463414634145,-16.098130081300813,0.0,,,70.0,4,academic_proxy_uuw_2017_recovery_not_gazetted_trigger,2023-11-20,Features use only observations dated on or before week_start. Target is combined storage four weeks later. Rain climatology is past-only.
2023-11-27,,,,,,,,,,,0,,,11.93,21.110000000000003,29.82857142857143,14.110000000000001,69.26666666666667,31.14,7,28.01628508170446,,,,,,,,,71.10666666666664,297.2566666666666,322.96999999999997,11,spring,29.598174603174606,-17.668174603174606,0.0,,,70.0,4,academic_proxy_uuw_2017_recovery_not_gazetted_trigger,2023-11-27,Features use only observations dated on or before week_start. Target is combined storage four weeks later. Rain climatology is past-only.
2023-12-04,,,,,,,,,,,0,,,55.480000000000004,18.919999999999998,25.10809523809524,14.546190476190475,82.55952380952381,27.61,7,46.58540058135986,,,,,,,,,98.33666666666664,313.19666666666666,372.2033333333333,12,summer,43.72316239316239,11.756837606837614,0.0,95.99808970628085,0.0,70.0,4,academic_proxy_uuw_2017_recovery_not_gazetted_trigger,2023-12-04,Features use only observations dated on or before week_start. Target is combined storage four weeks later. Rain climatology is past-only.
2023-12-11,,,,,,,,,,,0,,,49.723333333333336,19.017142857142858,25.745714285714286,14.03190476190476,81.11285714285714,47.343333333333334,7,44.62667512893677,,,,,,,,,131.01666666666665,243.63666666666668,411.3766666666667,12,summer,44.01708333333333,5.706250000000004,0.0,100.71958274639083,0.0,70.0,4,academic_proxy_uuw_2017_recovery_not_gazetted_trigger,2023-12-11,Features use only observations dated on or before week_start. Target is combined storage four weeks later. Rain climatology is past-only.
2023-12-18,,,,,,,,,,,0,,,36.57666666666667,22.115238095238094,29.99047619047619,16.644285714285715,78.77333333333334,51.20666666666667,7,26.60627373059591,,,,,,,,,153.70999999999998,235.81666666666666,443.71333333333337,12,summer,44.156260162601626,-7.579593495934958,0.0,101.43085305033115,0.0,70.0,4,academic_proxy_uuw_2017_recovery_not_gazetted_trigger,2023-12-18,Features use only observations dated on or before week_start. Target is combined storage four weeks later. Rain climatology is past-only.
2023-12-25,,,,,,,,,,,0,,,92.06666666666666,17.863809523809525,22.72095238095238,13.80047619047619,85.86047619047619,38.33,7,19.128012816111248,,,,,,,,,233.84666666666664,304.9533333333333,531.1033333333334,12,summer,43.97579365079365,48.090873015873015,0.0,100.5095762766059,0.0,70.0,4,academic_proxy_uuw_2017_recovery_not_gazetted_trigger,2023-12-25,Features use only observations dated on or before week_start. Target is combined storage four weeks later. Rain climatology is past-only.
2024-01-01,95.60750297939856,225.0791835141001,100.99929032313881,288.49437287901367,98.81527814424503,22.964670640722545,102.26484616788372,242.77674480255595,75.23810076777879,104.73143626874807,5,884.0464081051404,95.99808970628085,57.49333333333333,20.29809523809524,25.84619047619048,15.901904761904762,83.91714285714285,55.120000000000005,7,24.973383267720543,,,,,,,,,235.85999999999996,334.19666666666666,549.0566666666666,1,summer,44.40533333333333,13.088000000000001,0.0,100.42970049148448,0.0,70.0,4,academic_proxy_uuw_2017_recovery_not_gazetted_trigger,2024-01-01,Features use only observations dated on or before week_start. Target is combined storage four weeks later. Rain climatology is past-only.
2024-01-08,101.57490894194652,239.12765063113048,103.37630918348705,295.2840895517124,95.58310175245484,22.213512847270504,105.72616105764607,250.99390635085174,86.14042969148558,119.90747813054791,5,927.5266375115131,100.71958274639083,124.35,21.5647619047619,27.117619047619048,17.29952380952381,85.79952380952379,60.94666666666667,7,59.564334551493324,95.99808970628085,,,,4.721493040109976,,,,310.4866666666666,441.50333333333333,554.1233333333333,1,summer,44.72455284552846,79.62544715447154,0.0,100.84501886012202,0.0,70.0,4,academic_proxy_uuw_2017_recovery_not_gazetted_trigger,2024-01-08,Features use only observations dated on or before week_start. Target is combined storage four weeks later. Rain climatology is past-only.
2024-01-15,101.24222411793461,238.34444401844166,103.6859974352082,296.16868307392866,100.3946839739764,23.331724555552114,104.84699998985602,248.9067779759182,91.46917824472632,127.32509611665903,5,934.0767257404996,101.43085305033115,63.88,18.125238095238096,23.956190476190475,12.983333333333333,82.96095238095238,56.71,7,19.98033515612284,100.71958274639083,,,,0.7112703039403243,,,,337.78999999999996,491.5,573.6066666666667,1,summer,46.620396825396824,17.25960317460318,0.0,100.37050799960153,0.0,70.0,4,academic_proxy_uuw_2017_recovery_not_gazetted_trigger,2024-01-15,Features use only observations dated on or before week_start. Target is combined storage four weeks later. Rain climatology is past-only.
2024-01-22,100.5425295219929,236.6972230006757,101.77681702822899,290.7153001594333,101.35973646160205,23.556002753676317,102.89988117640905,244.28431791279507,93.63494547750228,130.33984410468318,5,925.5926879312636,100.5095762766059,32.07333333333333,19.905714285714286,25.95190476190476,15.152857142857142,83.3047619047619,63.81666666666666,7,15.062808672587078,101.43085305033115,,,,-0.9212767737252534,,,,277.7966666666666,511.6433333333334,582.75,1,summer,47.02178294573643,-14.948449612403103,0.0,100.72140905993305,0.0,70.0,4,academic_proxy_uuw_2017_recovery_not_gazetted_trigger,2024-01-22,Features use only observations dated on or before week_start. Target is combined storage four weeks later. Rain climatology is past-only.
2024-01-29,100.46493544460314,236.51455102368467,101.31567234139861,289.398086475971,100.95023327355752,23.460834212774767,102.2261881017122,242.68497055346478,95.40134307484568,132.79866956018517,5,924.8571118260805,100.42970049148448,19.243333333333332,21.705714285714286,27.91190476190476,16.863809523809525,79.08047619047618,72.20333333333333,7,12.818882862726849,100.5095762766059,95.99808970628085,,,-0.07987578512141624,4.431610785203631,,,239.54666666666662,475.4066666666667,573.7433333333333,1,summer,46.68204545454546,-27.438712121212127,0.0,100.48762803176878,0.0,70.0,4,academic_proxy_uuw_2017_recovery_not_gazetted_trigger,2024-01-29,Features use only observations dated on or before week_start. Target is combined storage four weeks later. Rain climatology is past-only.
2024-02-05,100.62015355270348,236.87996549377453,101.58381484743401,290.1640087302105,101.13575701122694,23.503949929409142,102.29274939636292,242.84298706696558,97.19171513110905,135.2908674625038,5,928.6817786828636,100.84501886012202,29.153333333333332,20.45333333333333,26.653333333333332,15.65,80.47333333333333,57.81,7,10.101731538772583,100.42970049148448,100.71958274639083,,,0.4153183686375428,0.12543611373119745,,,144.34999999999997,454.83666666666664,585.8533333333334,2,summer,38.815135135135144,-9.661801801801811,0.0,,,70.0,4,academic_proxy_uuw_2017_recovery_not_gazetted_trigger,2024-02-05,Features use only observations dated on or before week_start. Target is combined storage four weeks later. Rain climatology is past-only.
2024-02-12,100.07741435746536,235.60224888034492,100.75121289402865,287.78576451050344,100.55221439287016,23.368334624903024,101.64083294558702,241.2953374128236,97.8881628877554,136.2603227397555,5,924.3120081683305,100.37050799960153,14.083333333333332,20.952380952380953,28.296190476190475,15.40857142857143,78.16714285714285,56.156666666666666,7,9.128543376922607,100.84501886012202,101.43085305033115,,,-0.4745108605204962,-1.060345050729623,,,94.55333333333331,432.3433333333333,586.0533333333334,2,summer,38.56087719298247,-24.477543859649135,0.0,,,70.0,4,academic_proxy_uuw_2017_recovery_not_gazetted_trigger,2024-02-12,Features use only observations dated on or before week_start. Target is combined storage four weeks later. Rain climatology is past-only.
2024-02-19,100.07741435746536,235.60224888034492,100.97555311517262,288.42656991817904,100.38627834894824,23.32977108829557,102.33152822467095,242.93504800536886,98.59900728501077,137.249818140735,5,927.5434560329235,100.72140905993305,32.42333333333333,22.79904761904762,30.127142857142854,17.169523809523806,79.58142857142857,54.48,7,27.725398858388264,100.37050799960153,100.5095762766059,,,0.35090106033152324,0.2118327833271536,,,94.90333333333331,372.7,606.5466666666667,2,summer,37.93324786324787,-5.509914529914539,0.0,,,70.0,4,academic_proxy_uuw_2017_recovery_not_gazetted_trigger,2024-02-19,Features use only observations dated on or before week_start. Target is combined storage four weeks later. Rain climatology is past-only.
2024-02-26,99.84526114503159,235.05571378763335,100.89055461402836,288.1837801995106,100.12816794791091,23.269786231094493,101.51709989919397,241.0015951606865,99.05150227416208,137.8796911656336,5,925.3905665445586,100.48762803176878,6.966666666666667,18.123333333333335,24.87,12.925238095238095,77.3552380952381,39.74666666666667,7,0.0,100.72140905993305,100.42970049148448,95.99808970628085,,-0.23378102816427315,0.0579275402842967,4.489538325487928,,82.62666666666662,322.17333333333335,558.0333333333334,2,summer,37.7955,-30.82883333333333,0.0,,,70.0,4,academic_proxy_uuw_2017_recovery_not_gazetted_trigger,2024-02-26,Features use only observations dated on or before week_start. Target is combined storage four weeks later. Rain climatology is past-only.
2024-03-04,98.99633910513857,233.0571815213172,,,98.25338257822312,22.834086111179055,101.22089993720465,240.29841645092384,,,3,,,5.57,22.351428571428567,31.07095238095238,16.10190476190476,70.19000000000001,31.95,7,11.75644342104594,100.48762803176878,100.84501886012202,100.71958274639083,,,,,,59.04333333333331,203.39333333333332,513.88,3,autumn,26.717131782945735,-21.147131782945735,0.0,,,70.0,4,academic_proxy_uuw_2017_recovery_not_gazetted_trigger,2024-03-04,Features use only observations dated on or before week_start. Target is combined storage four weeks later. Rain climatology is past-only.
2024-03-11,97.70978906763845,230.02838542303445,,,,,101.06817798179604,239.9358545287838,,,2,,,32.32333333333333,20.443809523809524,27.528571428571432,15.391428571428571,77.93285714285715,24.57,7,10.2677210966746,,100.37050799960153,101.43085305033115,,,,,,77.2833333333333,171.83666666666667,509.62666666666667,3,autumn,26.23651515151515,6.086818181818181,0.0,,,70.0,4,academic_proxy_uuw_2017_recovery_not_gazetted_trigger,2024-03-11,Features use only observations dated on or before week_start. Target is combined storage four weeks later. Rain climatology is past-only.
2024-03-18,96.68746787610355,227.621636873923,,,,,,,,,1,,,46.88666666666667,19.53238095238095,25.45095238095238,15.279047619047619,84.73285714285714,32.4,7,26.219717025756836,,100.72140905993305,100.5095762766059,,,,,,91.74666666666664,186.64999999999998,464.4466666666667,3,autumn,26.371777777777773,20.514888888888898,0.0,,,70.0,4,academic_proxy_uuw_2017_recovery_not_gazetted_trigger,2024-03-18,Features use only observations dated on or before week_start. Target is combined storage four weeks later. Rain climatology is past-only.
2024-03-25,96.50908014966143,227.20167648833294,,,,,,,,,1,,,41.083333333333336,19.04095238095238,24.784761904761904,15.04761904761905,84.99333333333334,40.22333333333333,7,22.979456901550293,,100.48762803176878,100.42970049148448,95.99808970628085,,,,,125.86333333333332,208.49,448.03666666666675,3,autumn,26.817753623188402,14.265579710144934,0.0,,,70.0,4,academic_proxy_uuw_2017_recovery_not_gazetted_trigger,2024-03-25,Features use only observations dated on or before week_start. Target is combined storage four weeks later. Rain climatology is past-only.
2024-04-01,97.46283045128516,229.4469954484155,,,,,,,,,1,,,48.593333333333334,18.04047619047619,23.292380952380956,14.344761904761905,85.46000000000001,29.003333333333334,7,19.579172690709434,,,100.84501886012202,100.71958274639083,,,,,168.88666666666666,227.93,372.28000000000003,4,autumn,18.47047619047619,30.122857142857143,0.0,,,70.0,4,academic_proxy_uuw_2017_recovery_not_gazetted_trigger,2024-04-01,Features use only observations dated on or before week_start. Target is combined storage four weeks later. Rain climatology is past-only.
2024-04-08,100.62824111181176,236.89900522542726,,,,,,,,,1,,,17.313333333333333,14.932380952380953,21.223333333333333,10.077142857142858,79.31761904761905,34.74666666666667,7,29.384917297400534,,,100.37050799960153,101.43085305033115,,,,,153.87666666666667,231.16,325.71333333333337,4,autumn,19.171007751937985,-1.8576744186046525,0.0,,,70.0,4,academic_proxy_uuw_2017_recovery_not_gazetted_trigger,2024-04-08,Features use only observations dated on or before week_start. Target is combined storage four weeks later. Rain climatology is past-only.
2024-04-15,100.55391250541823,236.7240208202556,,,,,,,,,1,,,12.493333333333332,18.274285714285714,24.552857142857142,13.780476190476191,77.41428571428571,35.583333333333336,7,4.644881725311279,,,100.72140905993305,100.5095762766059,,,,,119.4833333333333,211.23000000000002,306.1333333333334,4,autumn,19.12878787878788,-6.635454545454547,0.0,,,70.0,4,academic_proxy_uuw_2017_recovery_not_gazetted_trigger,2024-04-15,Features use only observations dated on or before week_start. Target is combined storage four weeks later. Rain climatology is past-only.
2024-04-22,100.48989160496448,236.5733028164074,,,,,,,,,1,,,7.943333333333333,17.155238095238097,23.495238095238097,12.98047619047619,79.66761904761904,22.156666666666666,7,0.0,,,100.48762803176878,100.42970049148448,,,,,86.3433333333333,212.20666666666668,294.83333333333337,4,autumn,18.981333333333335,-11.038000000000002,0.0,,,70.0,4,academic_proxy_uuw_2017_recovery_not_gazetted_trigger,2024-04-22,Features use only observations dated on or before week_start. Target is combined storage four weeks later. Rain climatology is past-only.
2024-04-29,,,,,,,,,,,0,,,0.24,19.17190476190476,27.656190476190478,13.260476190476192,58.065238095238094,25.826666666666668,7,0.0,,,,100.84501886012202,,,,,37.98999999999997,206.8766666666667,265.92,4,autumn,18.741376811594204,-18.501376811594206,1.0,,,70.0,4,academic_proxy_uuw_2017_recovery_not_gazetted_trigger,2024-04-29,Features use only observations dated on or before week_start. Target is combined storage four weeks later. Rain climatology is past-only.
2024-05-06,,,,,,,,,,,0,,,4.653333333333333,18.385714285714283,26.28666666666667,12.981428571428571,59.61714285714286,13.486666666666666,7,2.0951804916063943,,,,100.37050799960153,,,,,25.32999999999997,179.20666666666668,256.49,5,autumn,12.587259259259259,-7.933925925925926,2.0,,,70.0,4,academic_proxy_uuw_2017_recovery_not_gazetted_trigger,2024-05-06,Features use only observations dated on or before week_start. Target is combined storage four weeks later. Rain climatology is past-only.
2024-05-13,,,,,,,,,,,0,,,5.363333333333333,17.17761904761905,24.59952380952381,12.287619047619048,71.32428571428571,11.22,7,3.5628041426340737,,,,100.72140905993305,,,,,18.19999999999997,137.68333333333334,229.43000000000004,5,autumn,12.414782608695651,-7.051449275362318,0.0,,,70.0,4,academic_proxy_uuw_2017_recovery_not_gazetted_trigger,2024-05-13,Features use only observations dated on or before week_start. Target is combined storage four weeks later. Rain climatology is past-only.
2024-05-20,,,,,,,,,,,0,,,3.756666666666667,16.972380952380952,25.222380952380952,11.746190476190476,60.40571428571428,9.356666666666667,7,0.0,,,,100.48762803176878,,,,,14.013333333333305,100.35666666666667,226.22000000000003,5,autumn,12.264751773049644,-8.508085106382978,1.0,,,70.0,4,academic_proxy_uuw_2017_recovery_not_gazetted_trigger,2024-05-20,Features use only observations dated on or before week_start. Target is combined storage four weeks later. Rain climatology is past-only.
2024-05-27,,,,,,,,,,,0,,,3.1299999999999994,14.974761904761905,23.393333333333334,9.627619047619048,63.132380952380956,7.53,7,6.019197861353557,,,,,,,,,16.903333333333304,54.89333333333333,223.78000000000006,5,autumn,12.0875,-8.957500000000001,2.0,,,70.0,4,academic_proxy_uuw_2017_recovery_not_gazetted_trigger,2024-05-27,Features use only observations dated on or before week_start. Target is combined storage four weeks later. Rain climatology is past-only.
2024-06-03,,,,,,,,,,,0,,,11.28,11.307142857142859,19.04809523809524,5.06047619047619,62.19857142857143,6.773333333333333,7,8.783346176147461,,,,,,,,,23.529999999999973,48.86,202.73666666666668,6,winter,2.3805426356589146,8.899457364341085,0.0,,,70.0,4,academic_proxy_uuw_2017_recovery_not_gazetted_trigger,2024-06-03,Features use only observations dated on or before week_start. Target is combined storage four weeks later. Rain climatology is past-only.
2024-06-10,,,,,,,,,,,0,,,0.27,12.231428571428571,20.791904761904764,6.7,61.981904761904765,6.693333333333333,7,3.434355265218376,,,,,,,,,18.43666666666664,36.63666666666666,156.12000000000003,6,winter,2.58280303030303,-2.31280303030303,1.0,,,70.0,4,academic_proxy_uuw_2017_recovery_not_gazetted_trigger,2024-06-10,Features use only observations dated on or before week_start. Target is combined storage four weeks later. Rain climatology is past-only.
2024-06-17,,,,,,,,,,,0,,,2.5633333333333335,13.053333333333333,21.39190476190476,8.027619047619046,67.01619047619047,5.54,7,0.0,,,,,,,,,17.243333333333304,31.256666666666664,117.60000000000002,6,winter,2.531407407407407,0.03192592592592636,2.0,,,70.0,4,academic_proxy_uuw_2017_recovery_not_gazetted_trigger,2024-06-17,Features use only observations dated on or before week_start. Target is combined storage four weeks later. Rain climatology is past-only.
2024-06-24,,,,,,,,,,,0,,,1.1033333333333333,13.51142857142857,21.49190476190476,8.351428571428572,64.62571428571428,5.696666666666667,7,0.0,,,,,,,,,15.216666666666638,32.12,70.11000000000003,6,winter,2.532101449275362,-1.428768115942029,3.0,,,70.0,4,academic_proxy_uuw_2017_recovery_not_gazetted_trigger,2024-06-24,Features use only observations dated on or before week_start. Target is combined storage four weeks later. Rain climatology is past-only.
2024-07-01,,,,,,,,,,,0,,,0.0,12.130952380952381,21.390476190476193,5.508095238095238,47.22714285714286,5.03,7,4.413897395133972,,,,,,,,,3.936666666666638,27.466666666666665,52.796666666666695,7,winter,5.452727272727273,-5.452727272727273,4.0,,,70.0,4,academic_proxy_uuw_2017_recovery_not_gazetted_trigger,2024-07-01,Features use only observations dated on or before week_start. Target is combined storage four weeks later. Rain climatology is past-only.
2024-07-08,,,,,,,,,,,0,,,0.01,12.299999999999999,22.024285714285714,5.772380952380952,37.63619047619047,4.316666666666666,7,0.0,,,,,,,,,3.6766666666666383,22.113333333333333,40.31333333333336,7,winter,5.331555555555556,-5.321555555555556,5.0,,,70.0,4,academic_proxy_uuw_2017_recovery_not_gazetted_trigger,2024-07-08,Features use only observations dated on or before week_start. Target is combined storage four weeks later. Rain climatology is past-only.
2024-07-15,,,,,,,,,,,0,,,2.01,12.095238095238093,20.33809523809524,6.884285714285714,62.31333333333333,3.71,7,0.24500062068303427,,,,,,,,,3.1233333333333047,20.366666666666664,34.380000000000024,7,winter,5.215869565217392,-3.205869565217392,6.0,,,70.0,4,academic_proxy_uuw_2017_recovery_not_gazetted_trigger,2024-07-15,Features use only observations dated on or before week_start. Target is combined storage four weeks later. Rain climatology is past-only.
2024-07-22,,,,,,,,,,,0,,,0.2733333333333333,11.417142857142858,20.48904761904762,4.996666666666667,56.281904761904755,4.1066666666666665,7,2.2228296597798667,,,,,,,,,2.2933333333333046,17.509999999999998,34.41333333333336,7,winter,5.147659574468085,-4.874326241134751,7.0,,,70.0,4,academic_proxy_uuw_2017_recovery_not_gazetted_trigger,2024-07-22,Features use only observations dated on or before week_start. Target is combined storage four weeks later. Rain climatology is past-only.
2024-07-29,,,,,,,,,,,0,,,0.5633333333333334,12.552380952380954,21.988095238095237,5.982380952380952,56.08333333333333,4.483333333333333,7,0.5977856715520223,,,,,,,,,2.856666666666638,6.793333333333333,30.323333333333363,7,winter,5.046111111111111,-4.482777777777778,8.0,,,70.0,4,academic_proxy_uuw_2017_recovery_not_gazetted_trigger,2024-07-29,Features use only observations dated on or before week_start. Target is combined storage four weeks later. Rain climatology is past-only.
2024-08-05,,,,,,,,,,,0,,,0.5666666666666668,15.424285714285714,25.479523809523812,8.433809523809524,45.47571428571428,4.863333333333333,7,1.1045862038930256,,,,,,,,,3.4133333333333047,7.090000000000001,25.526666666666696,8,winter,6.303333333333333,-5.736666666666666,9.0,,,70.0,4,academic_proxy_uuw_2017_recovery_not_gazetted_trigger,2024-08-05,Features use only observations dated on or before week_start. Target is combined storage four weeks later. Rain climatology is past-only.
2024-08-12,,,,,,,,,,,0,,,0.79,15.1,25.046666666666663,7.892857142857143,45.80285714285714,4.346666666666667,7,0.9568355083465576,,,,,,,,,2.193333333333305,5.316666666666667,22.560000000000027,8,winter,6.178623188405797,-5.388623188405797,10.0,,,70.0,4,academic_proxy_uuw_2017_recovery_not_gazetted_trigger,2024-08-12,Features use only observations dated on or before week_start. Target is combined storage four weeks later. Rain climatology is past-only.
2024-08-19,,,,,,,,,,,0,,,2.5966666666666667,16.589523809523808,26.32190476190476,9.890952380952381,51.514761904761905,4.48,7,2.8992627628613263,,,,,,,,,4.516666666666638,6.8100000000000005,22.026666666666696,8,winter,6.063971631205674,-3.4673049645390073,11.0,,,70.0,4,academic_proxy_uuw_2017_recovery_not_gazetted_trigger,2024-08-19,Features use only observations dated on or before week_start. Target is combined storage four weeks later. Rain climatology is past-only.
2024-08-26,,,,,,,,,,,0,,,6.079999999999999,14.59047619047619,23.506666666666668,7.7161904761904765,53.50333333333333,3.8466666666666667,7,8.213672773718523,,,,,,,,,10.033333333333303,12.889999999999999,16.826666666666696,8,winter,5.991736111111112,0.08826388888888737,0.0,,,70.0,4,academic_proxy_uuw_2017_recovery_not_gazetted_trigger,2024-08-26,Features use only observations dated on or before week_start. Target is combined storage four weeks later. Rain climatology is past-only.
2024-09-02,,,,,,,,,,,0,,,6.543333333333333,17.653333333333332,27.567619047619047,11.235714285714286,59.20142857142857,4.18,7,0.0,,,,,,,,,16.00999999999997,19.423333333333332,23.10000000000003,9,spring,14.397063492063491,-7.8537301587301585,0.0,,,70.0,4,academic_proxy_uuw_2017_recovery_not_gazetted_trigger,2024-09-02,Features use only observations dated on or before week_start. Target is combined storage four weeks later. Rain climatology is past-only.
2024-09-09,,,,,,,,,,,0,,,13.163333333333334,15.066666666666666,24.235714285714288,9.514285714285714,74.05857142857143,3.9566666666666666,7,10.18153590708971,,,,,,,,,28.383333333333304,30.576666666666664,33.70000000000003,9,spring,14.214418604651161,-1.0510852713178274,0.0,,,70.0,4,academic_proxy_uuw_2017_recovery_not_gazetted_trigger,2024-09-09,Features use only observations dated on or before week_start. Target is combined storage four weeks later. Rain climatology is past-only.
2024-09-16,,,,,,,,,,,0,,,105.26666666666667,12.811904761904762,18.681904761904764,8.803333333333333,82.76285714285714,7.233333333333334,7,45.65504709879557,,,,,,,,,131.0533333333333,135.57,137.86333333333337,9,spring,14.1905303030303,91.07613636363637,0.0,,,70.0,4,academic_proxy_uuw_2017_recovery_not_gazetted_trigger,2024-09-16,Features use only observations dated on or before week_start. Target is combined storage four weeks later. Rain climatology is past-only.
2024-09-23,,,,,,,,,,,0,,,5.300000000000001,16.591428571428573,25.634761904761906,9.272380952380953,65.94285714285715,29.76,7,31.76255949338277,,,,,,,,,130.2733333333333,140.30666666666667,143.16333333333336,9,spring,16.214444444444442,-10.914444444444442,0.0,,,70.0,4,academic_proxy_uuw_2017_recovery_not_gazetted_trigger,2024-09-23,Features use only observations dated on or before week_start. Target is combined storage four weeks later. Rain climatology is past-only.
2024-09-30,,,,,,,,,,,0,,,13.213333333333335,13.921428571428573,21.728571428571428,7.667142857142857,64.28476190476191,20.68,7,5.077881254255772,,,,,,,,,136.9433333333333,152.95333333333332,156.3666666666667,9,spring,15.977173913043474,-2.7638405797101395,0.0,,,70.0,4,academic_proxy_uuw_2017_recovery_not_gazetted_trigger,2024-09-30,Features use only observations dated on or before week_start. Target is combined storage four weeks later. Rain climatology is past-only.
2024-10-07,,,,,,,,,,,0,,,11.616666666666667,20.233809523809523,28.562857142857144,13.688571428571427,62.02238095238095,17.81,7,6.365949630737305,,,,,,,,,135.39666666666665,163.78,165.97333333333336,10,spring,24.436666666666667,-12.82,0.0,,,70.0,4,academic_proxy_uuw_2017_recovery_not_gazetted_trigger,2024-10-07,Features use only observations dated on or before week_start. Target is combined storage four weeks later. Rain climatology is past-only.
2024-10-14,,,,,,,,,,,0,,,54.85,15.88,23.41142857142857,10.485238095238094,74.1504761904762,11.35,7,11.249275286992392,,,,,,,,,84.97999999999996,216.03333333333336,220.55000000000004,10,spring,24.15797101449275,30.69202898550725,0.0,,,70.0,4,academic_proxy_uuw_2017_recovery_not_gazetted_trigger,2024-10-14,Features use only observations dated on or before week_start. Target is combined storage four weeks later. Rain climatology is past-only.
2024-10-21,,,,,,,,,,,0,,,63.4,16.953333333333333,24.352857142857143,11.37857142857143,80.34523809523809,36.24,7,49.825599670410156,,,,,,,,,143.07999999999996,273.35333333333335,283.38666666666666,10,spring,24.810992907801417,38.589007092198585,0.0,,,70.0,4,academic_proxy_uuw_2017_recovery_not_gazetted_trigger,2024-10-21,Features use only observations dated on or before week_start. Target is combined storage four weeks later. Rain climatology is past-only.
2024-10-28,,,,,,,,,,,0,,,3.7333333333333334,19.35,27.95,12.57047619047619,67.49904761904762,42.10666666666667,7,30.542814254760742,,,,,,,,,133.59999999999997,270.5433333333333,286.55333333333334,10,spring,25.614930555555556,-21.881597222222222,1.0,,,70.0,4,academic_proxy_uuw_2017_recovery_not_gazetted_trigger,2024-10-28,Features use only observations dated on or before week_start. Target is combined storage four weeks later. Rain climatology is past-only.
2024-11-04,,,,,,,,,,,0,,,60.55,16.433809523809522,23.88047619047619,11.29047619047619,80.03999999999999,23.076666666666668,7,38.08868547280629,,,,,,,,,182.53333333333327,317.93,346.3133333333334,11,spring,29.18728682170543,31.362713178294566,0.0,,,70.0,4,academic_proxy_uuw_2017_recovery_not_gazetted_trigger,2024-11-04,Features use only observations dated on or before week_start. Target is combined storage four weeks later. Rain climatology is past-only.
2024-11-11,,,,,,,,,,,0,,,24.349999999999998,18.10047619047619,24.52285714285714,12.984285714285715,79.38571428571429,36.13666666666666,7,36.20085620880127,,,,,,,,,152.03333333333327,237.01333333333332,368.06666666666666,11,spring,29.90007575757576,-5.550075757575762,0.0,,,70.0,4,academic_proxy_uuw_2017_recovery_not_gazetted_trigger,2024-11-11,Features use only observations dated on or before week_start. Target is combined storage four weeks later. Rain climatology is past-only.
2024-11-18,,,,,,,,,,,0,,,15.146666666666667,22.70333333333333,30.687142857142856,16.7,73.39142857142858,43.10666666666666,7,25.311197360356648,,,,,,,,,103.77999999999994,246.85999999999999,377.1333333333334,11,spring,29.776740740740742,-14.630074074074075,0.0,,,70.0,4,academic_proxy_uuw_2017_recovery_not_gazetted_trigger,2024-11-18,Features use only observations dated on or before week_start. Target is combined storage four weeks later. Rain climatology is past-only.
2024-11-25,,,,,,,,,,,0,,,17.82333333333333,19.71904761904762,27.655238095238097,13.00095238095238,68.32142857142857,27.353333333333335,7,14.158782323201496,,,,,,,,,117.86999999999995,251.46999999999997,388.41333333333336,11,spring,29.458695652173915,-11.635362318840585,0.0,,,70.0,4,academic_proxy_uuw_2017_recovery_not_gazetted_trigger,2024-11-25,Features use only observations dated on or before week_start. Target is combined storage four weeks later. Rain climatology is past-only.
2024-12-02,,,,,,,,,,,0,,,8.58,21.435238095238095,30.866666666666667,15.25952380952381,74.30809523809523,23.283333333333335,7,13.97282083829244,,,,,,,,,65.89999999999995,248.43333333333334,383.83,12,summer,45.09418604651162,-36.514186046511625,0.0,,,70.0,4,academic_proxy_uuw_2017_recovery_not_gazetted_trigger,2024-12-02,Features use only observations dated on or before week_start. Target is combined storage four weeks later. Rain climatology is past-only.
2024-12-09,,,,,,,,,,,0,,,26.87,23.064285714285713,32.37238095238096,16.773809523809526,74.77952380952381,23.78666666666667,7,15.52870766321818,,,,,,,,,68.41999999999996,220.45333333333332,305.43333333333334,12,summer,44.264318181818176,-17.394318181818175,0.0,87.31267321185294,0.0,70.0,4,academic_proxy_uuw_2017_recovery_not_gazetted_trigger,2024-12-09,Features use only observations dated on or before week_start. Target is combined storage four weeks later. Rain climatology is past-only.
2024-12-16,,,,,,,,,,,0,,,58.63666666666666,21.298571428571428,28.03047619047619,16.24952380952381,79.76142857142858,39.346666666666664,7,36.32641259829204,,,,,,,,,111.90999999999995,215.69,358.77,12,summer,43.87777777777777,14.75888888888889,0.0,89.88892736112547,0.0,70.0,4,academic_proxy_uuw_2017_recovery_not_gazetted_trigger,2024-12-16,Features use only observations dated on or before week_start. Target is combined storage four weeks later. Rain climatology is past-only.
2024-12-23,,,,,,,,,,,0,,,48.27333333333333,21.518571428571427,27.853809523809527,16.28238095238095,80.43619047619048,49.82333333333332,7,6.479439576466879,,,,,,,,,142.35999999999996,260.22999999999996,393.83000000000004,12,summer,44.1986231884058,4.074710144927536,0.0,90.92212651059364,0.0,70.0,4,academic_proxy_uuw_2017_recovery_not_gazetted_trigger,2024-12-23,Features use only observations dated on or before week_start. Target is combined storage four weeks later. Rain climatology is past-only.
2024-12-30,94.94500053326271,223.5195202554071,77.17679360946157,220.44779326606601,97.99347098668403,22.773682657305365,,,58.23958989979698,81.0695091405174,4,,,50.95333333333333,24.08095238095238,30.765238095238093,18.883809523809525,75.90333333333332,44.36,7,34.67291076978048,,,,,,,,,184.7333333333333,250.63333333333333,433.1666666666667,12,summer,44.28531914893617,6.668014184397165,0.0,91.17616396079924,0.0,70.0,4,academic_proxy_uuw_2017_recovery_not_gazetted_trigger,2024-12-30,Features use only observations dated on or before week_start. Target is combined storage four weeks later. Rain climatology is past-only.
2025-01-06,97.40432099432911,229.30925248484957,78.47289529050443,224.1499781077968,99.97183063598028,23.233453439801814,102.0637959901763,242.29945168067854,61.113701073870004,85.07027189482704,5,804.0624076079537,87.31267321185294,86.93333333333334,21.292380952380956,26.24285714285714,16.976666666666667,84.77619047619046,52.39,7,8.984586715698242,,,,,,,,,244.79666666666662,313.2166666666667,465.25000000000006,1,summer,46.0722962962963,40.861037037037036,0.0,92.52470833042312,0.0,70.0,4,academic_proxy_uuw_2017_recovery_not_gazetted_trigger,2025-01-06,Features use only observations dated on or before week_start. Target is combined storage four weeks later. Rain climatology is past-only.
2025-01-13,100.710299681986,237.09218751133142,81.21428855798526,231.98049383702906,99.98276874525656,23.23599545639762,101.99898329392802,242.1455863397851,67.04947480176808,93.33286892406116,5,827.7871320686044,89.88892736112547,51.086666666666666,20.277619047619048,26.693809523809524,14.699047619047619,78.05714285714285,70.95666666666666,7,0.0,87.31267321185294,,,,2.576254149272529,,,,237.24666666666664,349.15666666666664,452.93666666666667,1,summer,46.960579710144934,4.126086956521732,0.0,94.54198598954909,0.0,70.0,4,academic_proxy_uuw_2017_recovery_not_gazetted_trigger,2025-01-13,Features use only observations dated on or before week_start. Target is combined storage four weeks later. Rain climatology is past-only.
2025-01-20,100.69851950346619,237.0644546150601,84.2395255367851,240.62178074327292,99.48777337672978,23.120958532752,101.99898329392802,242.1455863397851,67.77951350947329,94.34908280518681,5,837.3018630360568,90.92212651059364,54.346666666666664,21.38,27.326190476190476,16.75142857142857,81.48190476190476,60.2,7,20.09086998924613,89.88892736112547,,,,1.0331991494681745,,,,243.31999999999996,385.67999999999995,503.55,1,summer,47.048368794326244,7.29829787234042,0.0,96.44369048839975,0.0,70.0,4,academic_proxy_uuw_2017_recovery_not_gazetted_trigger,2025-01-20,Features use only observations dated on or before week_start. Target is combined storage four weeks later. Rain climatology is past-only.
2025-01-27,100.33877973632558,236.21755525525765,86.00997441739129,245.67889092583647,99.80490509139355,23.194659943239856,101.41659536446669,240.7629973952439,67.37585516912534,93.78719039542248,5,839.6412939150003,91.17616396079924,5.653333333333333,23.14952380952381,30.211904761904766,17.426666666666666,76.0652380952381,54.903333333333336,7,46.68165842692057,90.92212651059364,,,,0.2540374502056011,,,,198.01999999999995,382.75333333333333,448.65333333333336,1,summer,47.20041666666666,-41.547083333333326,0.0,98.7408768838884,0.0,70.0,4,academic_proxy_uuw_2017_recovery_not_gazetted_trigger,2025-01-27,Features use only observations dated on or before week_start. Target is combined storage four weeks later. Rain climatology is past-only.
2025-02-03,100.74842816958217,237.18194959683035,88.9502751802955,254.0775660249961,98.19612855276789,22.820780275663257,101.93419118294132,241.9917698683027,68.95687733410492,95.98797324907405,5,852.0600390148664,92.52470833042312,10.273333333333333,23.151904761904763,30.153333333333332,17.776190476190475,74.5947619047619,30.773333333333333,7,29.257965960850317,91.17616396079924,87.31267321185294,,,1.3485443696238804,5.212035118570185,,,121.35999999999994,366.15666666666664,434.5766666666667,2,summer,37.043577235772354,-26.77024390243902,0.0,,,70.0,4,academic_proxy_uuw_2017_recovery_not_gazetted_trigger,2025-02-03,Features use only observations dated on or before week_start. Target is combined storage four weeks later. Rain climatology is past-only.
2025-02-10,100.61963595998664,236.87874697700053,94.25959091337545,269.2430954849656,99.42922841626256,23.107352683939414,101.80466871675289,241.68428353357137,71.64056774301768,99.72367029828061,5,870.6371489777575,94.54198598954909,48.24666666666666,20.995714285714286,27.485714285714288,16.224761904761902,79.50714285714285,29.659999999999997,7,12.404410362243652,92.52470833042312,89.88892736112547,,,2.0172776591259662,4.653058628423622,,,118.51999999999994,355.76666666666665,467.67666666666673,2,summer,36.406190476190474,11.840476190476188,0.0,,,70.0,4,academic_proxy_uuw_2017_recovery_not_gazetted_trigger,2025-02-10,Features use only observations dated on or before week_start. Target is combined storage four weeks later. Rain climatology is past-only.
2025-02-17,100.80488970692238,237.31487134803666,98.25089680199221,280.64386162521055,99.58265112635692,23.143008121765348,102.58303862958147,243.5321337066264,74.36499346697883,103.51607090603453,5,888.1499457076734,96.44369048839975,120.69333333333333,21.020952380952384,25.435238095238095,17.904285714285713,86.23428571428572,41.806666666666665,7,17.29090126355489,94.54198598954909,90.92212651059364,,,1.9017044988506626,5.52156397780611,,,184.8666666666666,428.18666666666667,570.5466666666667,2,summer,36.6815503875969,84.01178294573643,0.0,,,70.0,4,academic_proxy_uuw_2017_recovery_not_gazetted_trigger,2025-02-17,Features use only observations dated on or before week_start. Target is combined storage four weeks later. Rain climatology is past-only.
2025-02-24,100.76752749274905,237.2269132234298,102.0663523635349,291.5423288912011,100.06712535471375,23.255599932435477,102.91832359007171,244.32810020283026,81.14352943522384,112.95179297383159,5,909.3047352237284,98.7408768838884,112.96000000000001,19.89666666666667,24.83095238095238,15.881904761904764,87.44285714285715,50.31333333333333,7,4.823157663146655,96.44369048839975,91.17616396079924,,,2.2971863954886516,7.564712923089161,,,292.1733333333333,490.19333333333327,674.9266666666667,2,summer,38.59090909090909,74.36909090909091,0.0,,,70.0,4,academic_proxy_uuw_2017_recovery_not_gazetted_trigger,2025-02-24,Features use only observations dated on or before week_start. Target is combined storage four weeks later. Rain climatology is past-only.
2025-03-03,,,104.08362454430511,297.3044651483531,99.10046605758498,23.03094831178275,103.41874221283855,245.51609401327875,85.99617471161466,119.7066751985676,4,,,24.80666666666667,22.326666666666664,28.25238095238095,17.426190476190477,81.67285714285713,73.61333333333333,7,0.0,98.7408768838884,92.52470833042312,87.31267321185294,,,,,,306.7066666666666,428.06666666666666,672.8633333333333,3,autumn,27.12127659574468,-2.31460992907801,0.0,,,70.0,4,academic_proxy_uuw_2017_recovery_not_gazetted_trigger,2025-03-03,Features use only observations dated on or before week_start. Target is combined storage four weeks later. Rain climatology is past-only.
2025-03-10,,,105.07205677456851,300.12782297087745,96.47980325136285,22.421906275616724,104.859812053159,248.9371938141995,,,3,,,151.9666666666667,18.43619047619048,22.744761904761905,15.41095238095238,88.57857142857142,29.23,7,157.36601511637372,,94.54198598954909,89.88892736112547,,,,,,410.4266666666666,528.9466666666667,766.1933333333334,3,autumn,27.073055555555555,124.89361111111114,0.0,,,70.0,4,academic_proxy_uuw_2017_recovery_not_gazetted_trigger,2025-03-10,Features use only observations dated on or before week_start. Target is combined storage four weeks later. Rain climatology is past-only.
2025-03-17,,,105.64435786599196,301.7625438084194,100.01280801635093,23.242976582999955,103.52262748040826,245.76271763848922,,,3,,,17.016666666666666,19.674285714285713,25.133809523809525,15.157619047619049,83.12190476190476,55.79333333333333,7,22.44184843699137,,96.44369048839975,90.92212651059364,,,,,,306.75,491.61666666666673,734.9366666666667,3,autumn,29.621904761904762,-12.605238095238096,0.0,,,70.0,4,academic_proxy_uuw_2017_recovery_not_gazetted_trigger,2025-03-17,Features use only observations dated on or before week_start. Target is combined storage four weeks later. Rain climatology is past-only.
2025-03-24,,,107.44724991446516,306.9123246556783,,,104.61350874430033,248.352469758969,,,2,,,61.96666666666666,19.75095238095238,24.684761904761903,16.187619047619048,88.92571428571429,38.60333333333334,7,99.81732559204102,,98.7408768838884,91.17616396079924,,,,,,255.75666666666663,547.9300000000001,745.95,3,autumn,29.3698,32.596866666666656,0.0,,,70.0,4,academic_proxy_uuw_2017_recovery_not_gazetted_trigger,2025-03-24,Features use only observations dated on or before week_start. Target is combined storage four weeks later. Rain climatology is past-only.
2025-03-31,,,107.63766713004438,307.4562323902587,,,104.54575913318598,248.19163218218353,,,2,,,58.64,18.157142857142855,23.275238095238098,14.737142857142857,88.80857142857143,30.463333333333335,7,32.72523752848307,,,92.52470833042312,87.31267321185294,,,,,289.59,596.2966666666667,717.6566666666668,3,autumn,30.008954248366013,28.631045751633987,0.0,,,70.0,4,academic_proxy_uuw_2017_recovery_not_gazetted_trigger,2025-03-31,Features use only observations dated on or before week_start. Target is combined storage four weeks later. Rain climatology is past-only.
2025-04-07,,,,,,,103.74035722087693,246.27960804236184,,,1,,,14.0,18.057142857142857,23.687619047619048,13.689047619047619,82.28095238095239,42.59,7,9.1436980565389,,,94.54198598954909,89.88892736112547,,,,,151.62333333333328,562.0500000000001,680.57,4,autumn,18.347730496453902,-4.347730496453902,0.0,,,70.0,4,academic_proxy_uuw_2017_recovery_not_gazetted_trigger,2025-04-07,Features use only observations dated on or before week_start. Target is combined storage four weeks later. Rain climatology is past-only.
2025-04-14,,,,,,,105.71214167267244,250.9606243309244,,,1,,,101.82666666666667,14.918095238095237,20.09,11.018095238095238,85.53428571428572,29.38,7,44.389393250147506,,,96.44369048839975,90.92212651059364,,,,,236.43333333333328,543.1833333333334,728.05,4,autumn,18.25715277777778,83.56951388888889,0.0,,,70.0,4,academic_proxy_uuw_2017_recovery_not_gazetted_trigger,2025-04-14,Features use only observations dated on or before week_start. Target is combined storage four weeks later. Rain climatology is past-only.
2025-04-21,,,,,,,104.00411602377811,246.90577144044923,,,1,,,47.446666666666665,14.671428571428573,19.373809523809523,11.334285714285715,89.40428571428572,19.64333333333333,7,47.48623196283976,,,98.7408768838884,91.17616396079924,,,,,221.91333333333327,477.67,769.8433333333334,4,autumn,19.96265306122449,27.484013605442176,0.0,,,70.0,4,academic_proxy_uuw_2017_recovery_not_gazetted_trigger,2025-04-21,Features use only observations dated on or before week_start. Target is combined storage four weeks later. Rain climatology is past-only.
2025-04-28,,,,,,,,,,,0,,,6.963333333333334,13.949047619047619,19.42761904761905,9.464285714285714,84.20476190476191,26.156666666666666,7,12.805838743845623,,,,92.52470833042312,,,,,170.2366666666666,459.8266666666667,766.5333333333334,4,autumn,20.512333333333334,-13.549,0.0,,,70.0,4,academic_proxy_uuw_2017_recovery_not_gazetted_trigger,2025-04-28,Features use only observations dated on or before week_start. Target is combined storage four weeks later. Rain climatology is past-only.
2025-05-05,,,,,,,,,,,0,,,0.17666666666666667,16.096190476190475,23.104761904761904,10.743333333333334,69.62190476190476,40.67333333333333,7,3.0484300057093305,,,,94.54198598954909,,,,,156.41333333333327,308.0366666666667,718.4633333333334,5,autumn,11.904693877551022,-11.728027210884356,1.0,,,70.0,4,academic_proxy_uuw_2017_recovery_not_gazetted_trigger,2025-05-05,Features use only observations dated on or before week_start. Target is combined storage four weeks later. Rain climatology is past-only.
2025-05-12,,,,,,,,,,,0,,,0.02,15.37142857142857,22.12857142857143,10.540000000000001,71.84809523809524,34.67333333333333,7,0.5440684902544793,,,,96.44369048839975,,,,,54.60666666666661,291.03999999999996,597.79,5,autumn,11.670133333333332,-11.650133333333333,2.0,,,70.0,4,academic_proxy_uuw_2017_recovery_not_gazetted_trigger,2025-05-12,Features use only observations dated on or before week_start. Target is combined storage four weeks later. Rain climatology is past-only.
2025-05-19,,,,,,,,,,,0,,,3.3166666666666664,13.329047619047618,19.853809523809524,8.299523809523809,72.7,24.633333333333333,7,3.1422343651453652,,,,98.7408768838884,,,,,10.47666666666661,232.39000000000001,488.14666666666676,5,autumn,11.441699346405228,-8.125032679738561,3.0,,,70.0,4,academic_proxy_uuw_2017_recovery_not_gazetted_trigger,2025-05-19,Features use only observations dated on or before week_start. Target is combined storage four weeks later. Rain climatology is past-only.
2025-05-26,,,,,,,,,,,0,,,0.9700000000000001,12.868571428571428,19.990952380952383,7.871428571428571,68.55952380952381,25.46,7,0.0,,,,,,,,,4.4833333333332765,174.72,464.31000000000006,5,autumn,11.285448717948718,-10.315448717948717,4.0,,,70.0,4,academic_proxy_uuw_2017_recovery_not_gazetted_trigger,2025-05-26,Features use only observations dated on or before week_start. Target is combined storage four weeks later. Rain climatology is past-only.
2025-06-02,,,,,,,,,,,0,,,1.3299999999999998,13.013809523809524,20.320476190476192,8.139999999999999,71.4304761904762,22.203333333333333,7,2.3721256256103516,,,,,,,,,5.63666666666661,162.04999999999998,313.6733333333334,6,winter,2.5017021276595743,-1.1717021276595745,5.0,,,70.0,4,academic_proxy_uuw_2017_recovery_not_gazetted_trigger,2025-06-02,Features use only observations dated on or before week_start. Target is combined storage four weeks later. Rain climatology is past-only.
2025-06-09,,,,,,,,,,,0,,,17.916666666666664,10.48857142857143,17.027142857142856,5.474761904761905,68.67952380952381,16.33,7,26.340681398432935,,,,,,,,,23.533333333333275,78.14,314.5733333333333,6,winter,2.4772916666666664,15.439374999999998,0.0,,,70.0,4,academic_proxy_uuw_2017_recovery_not_gazetted_trigger,2025-06-09,Features use only observations dated on or before week_start. Target is combined storage four weeks later. Rain climatology is past-only.
2025-06-16,,,,,,,,,,,0,,,0.45000000000000007,11.530000000000001,19.02857142857143,6.517619047619048,65.81095238095239,19.806666666666665,7,2.7365883588790894,,,,,,,,,20.666666666666607,31.14333333333333,253.0566666666667,6,winter,2.792380952380952,-2.342380952380952,1.0,,,70.0,4,academic_proxy_uuw_2017_recovery_not_gazetted_trigger,2025-06-16,Features use only observations dated on or before week_start. Target is combined storage four weeks later. Rain climatology is past-only.
2025-06-23,,,,,,,,,,,0,,,4.486666666666666,10.469999999999999,18.62095238095238,4.755238095238096,65.54523809523809,17.446666666666665,7,3.820524573326111,,,,,,,,,24.183333333333277,28.666666666666664,198.90333333333334,6,winter,2.745533333333333,1.7411333333333334,2.0,,,70.0,4,academic_proxy_uuw_2017_recovery_not_gazetted_trigger,2025-06-23,Features use only observations dated on or before week_start. Target is combined storage four weeks later. Rain climatology is past-only.
2025-06-30,,,,,,,,,,,0,,,2.293333333333333,10.965238095238096,18.940952380952382,5.247142857142857,63.49714285714286,17.306666666666665,7,6.43615983840084,,,,,,,,,25.146666666666608,30.78333333333333,187.1966666666667,6,winter,2.779673202614379,-0.4863398692810459,3.0,,,70.0,4,academic_proxy_uuw_2017_recovery_not_gazetted_trigger,2025-06-30,Features use only observations dated on or before week_start. Target is combined storage four weeks later. Rain climatology is past-only.
2025-07-07,,,,,,,,,,,0,,,13.89,10.465238095238094,17.963333333333335,5.239523809523809,67.3104761904762,13.846666666666668,7,7.828829288482667,,,,,,,,,21.119999999999944,44.653333333333336,99.26000000000002,7,winter,4.954625850340136,8.935374149659864,0.0,,,70.0,4,academic_proxy_uuw_2017_recovery_not_gazetted_trigger,2025-07-07,Features use only observations dated on or before week_start. Target is combined storage four weeks later. Rain climatology is past-only.
2025-07-14,,,,,,,,,,,0,,,19.196666666666662,12.400000000000002,18.87,7.805238095238096,75.9342857142857,14.88,7,0.0,,,,,,,,,39.8666666666666,60.533333333333324,71.01000000000002,7,winter,5.133333333333334,14.063333333333329,0.0,,,70.0,4,academic_proxy_uuw_2017_recovery_not_gazetted_trigger,2025-07-14,Features use only observations dated on or before week_start. Target is combined storage four weeks later. Rain climatology is past-only.
2025-07-21,,,,,,,,,,,0,,,8.176666666666666,11.201904761904762,17.103809523809524,6.736666666666666,77.98714285714286,12.846666666666668,7,2.1992391745249433,,,,,,,,,43.55666666666661,67.74,72.22333333333336,7,winter,5.409084967320261,2.7675816993464046,0.0,,,70.0,4,academic_proxy_uuw_2017_recovery_not_gazetted_trigger,2025-07-21,Features use only observations dated on or before week_start. Target is combined storage four weeks later. Rain climatology is past-only.
2025-07-28,,,,,,,,,,,0,,,0.19,10.663333333333332,19.14047619047619,4.438571428571428,63.789047619047615,17.68,7,0.0,,,,,,,,,41.45333333333327,66.6,72.2366666666667,7,winter,5.462307692307693,-5.272307692307693,1.0,,,70.0,4,academic_proxy_uuw_2017_recovery_not_gazetted_trigger,2025-07-28,Features use only observations dated on or before week_start. Target is combined storage four weeks later. Rain climatology is past-only.
2025-08-04,,,,,,,,,,,0,,,8.649999999999999,12.675238095238097,19.714285714285715,7.694761904761905,72.29857142857144,14.723333333333333,7,2.75188414255778,,,,,,,,,36.21333333333327,57.33333333333333,80.86666666666669,8,winter,5.993537414965987,2.656462585034012,0.0,,,70.0,4,academic_proxy_uuw_2017_recovery_not_gazetted_trigger,2025-08-04,Features use only observations dated on or before week_start. Target is combined storage four weeks later. Rain climatology is past-only.
2025-08-11,,,,,,,,,,,0,,,2.7566666666666664,14.473809523809523,22.720000000000002,9.078095238095239,65.99619047619048,18.60333333333333,7,13.64451265335083,,,,,,,,,19.773333333333273,59.63999999999999,80.30666666666669,8,winter,6.046666666666666,-3.2899999999999996,1.0,,,70.0,4,academic_proxy_uuw_2017_recovery_not_gazetted_trigger,2025-08-11,Features use only observations dated on or before week_start. Target is combined storage four weeks later. Rain climatology is past-only.
2025-08-18,,,,,,,,,,,0,,,0.15666666666666665,14.902380952380952,23.883809523809525,8.254285714285714,64.46142857142857,20.133333333333333,7,0.0,,,,,,,,,11.753333333333273,55.309999999999995,79.49333333333335,8,winter,5.982156862745097,-5.825490196078431,2.0,,,70.0,4,academic_proxy_uuw_2017_recovery_not_gazetted_trigger,2025-08-18,Features use only observations dated on or before week_start. Target is combined storage four weeks later. Rain climatology is past-only.
2025-08-25,,,,,,,,,,,0,,,0.45,17.419999999999998,27.08095238095238,11.06904761904762,67.17476190476191,18.3,7,7.564623792966207,,,,,,,,,12.013333333333275,53.46666666666666,78.61333333333334,8,winter,5.870128205128205,-5.420128205128205,3.0,,,70.0,4,academic_proxy_uuw_2017_recovery_not_gazetted_trigger,2025-08-25,Features use only observations dated on or before week_start. Target is combined storage four weeks later. Rain climatology is past-only.
2025-09-01,,,,,,,,,,,0,,,5.736666666666666,16.557142857142857,24.890952380952378,11.136666666666667,68.00190476190475,13.48,7,3.600018302599589,,,,,,,,,9.099999999999943,45.31333333333332,66.43333333333337,9,spring,15.918368794326238,-10.181702127659571,0.0,,,70.0,4,academic_proxy_uuw_2017_recovery_not_gazetted_trigger,2025-09-01,Features use only observations dated on or before week_start. Target is combined storage four weeks later. Rain climatology is past-only.
2025-09-08,,,,,,,,,,,0,,,15.606666666666667,18.583809523809524,26.66142857142857,13.44047619047619,71.05619047619048,15.280000000000001,7,3.8811131715774536,,,,,,,,,21.949999999999946,41.72333333333333,81.59000000000002,9,spring,15.706249999999999,-0.09958333333333158,0.0,,,70.0,4,academic_proxy_uuw_2017_recovery_not_gazetted_trigger,2025-09-08,Features use only observations dated on or before week_start. Target is combined storage four weeks later. Rain climatology is past-only.
2025-09-15,,,,,,,,,,,0,,,11.629999999999999,16.674761904761905,24.789047619047615,10.900476190476189,68.29285714285714,17.996666666666666,7,34.51839192708333,,,,,,,,,33.423333333333275,45.17666666666667,88.73333333333336,9,spring,15.70421768707483,-4.074217687074832,0.0,,,70.0,4,academic_proxy_uuw_2017_recovery_not_gazetted_trigger,2025-09-15,Features use only observations dated on or before week_start. Target is combined storage four weeks later. Rain climatology is past-only.
2025-09-22,,,,,,,,,,,0,,,44.06666666666667,15.33047619047619,22.919999999999998,9.423809523809524,75.54095238095238,18.646666666666665,7,61.16721868515015,,,,,,,,,77.03999999999994,89.05333333333334,130.5066666666667,9,spring,15.622733333333333,28.443933333333337,0.0,,,70.0,4,academic_proxy_uuw_2017_recovery_not_gazetted_trigger,2025-09-22,Features use only observations dated on or before week_start. Target is combined storage four weeks later. Rain climatology is past-only.
2025-09-29,,,,,,,,,,,0,,,51.0,14.113809523809524,20.387619047619047,9.18952380952381,78.03904761904762,21.673333333333332,7,7.6994709968566895,,,,,,,,,122.30333333333328,131.40333333333334,167.61666666666667,9,spring,16.18045751633987,34.81954248366013,0.0,,,70.0,4,academic_proxy_uuw_2017_recovery_not_gazetted_trigger,2025-09-29,Features use only observations dated on or before week_start. Target is combined storage four weeks later. Rain climatology is past-only.
2025-10-06,,,,,,,,,,,0,,,28.939999999999998,18.857619047619046,26.62904761904762,13.183333333333334,75.14095238095238,32.446666666666665,7,19.295219466026005,,,,,,,,,135.6366666666666,157.58666666666667,177.36,10,spring,25.168367346938776,3.7716326530612214,0.0,,,70.0,4,academic_proxy_uuw_2017_recovery_not_gazetted_trigger,2025-10-06,Features use only observations dated on or before week_start. Target is combined storage four weeks later. Rain climatology is past-only.
2025-10-13,,,,,,,,,,,0,,,37.91,16.874761904761904,24.760952380952382,11.788095238095238,76.20714285714284,28.843333333333334,7,28.56204589207967,,,,,,,,,161.9166666666666,195.34,207.09333333333336,10,spring,25.2438,12.666199999999996,0.0,,,70.0,4,academic_proxy_uuw_2017_recovery_not_gazetted_trigger,2025-10-13,Features use only observations dated on or before week_start. Target is combined storage four weeks later. Rain climatology is past-only.
2025-10-20,,,,,,,,,,,0,,,8.586666666666666,17.91952380952381,25.945714285714285,11.43047619047619,66.15857142857143,43.95,7,1.2571628888448079,,,,,,,,,126.43666666666661,203.47666666666666,215.49,10,spring,25.4921568627451,-16.905490196078436,0.0,,,70.0,4,academic_proxy_uuw_2017_recovery_not_gazetted_trigger,2025-10-20,Features use only observations dated on or before week_start. Target is combined storage four weeks later. Rain climatology is past-only.
2025-10-27,,,,,,,,,,,0,,,28.576666666666664,17.70095238095238,24.738095238095237,12.690952380952382,78.71619047619048,27.846666666666668,7,15.15778907140096,,,,,,,,,104.01333333333328,226.31666666666666,235.41666666666669,10,spring,25.167051282051283,3.409615384615382,0.0,,,70.0,4,academic_proxy_uuw_2017_recovery_not_gazetted_trigger,2025-10-27,Features use only observations dated on or before week_start. Target is combined storage four weeks later. Rain climatology is past-only.
2025-11-03,,,,,,,,,,,0,,,18.513333333333332,18.213333333333335,25.609523809523807,12.727619047619047,77.23285714285714,31.273333333333333,7,21.769935329755146,,,,,,,,,93.58666666666659,229.22333333333333,251.17333333333335,11,spring,29.211134751773052,-10.69780141843972,0.0,,,70.0,4,academic_proxy_uuw_2017_recovery_not_gazetted_trigger,2025-11-03,Features use only observations dated on or before week_start. Target is combined storage four weeks later. Rain climatology is past-only.
2025-11-10,,,,,,,,,,,0,,,61.443333333333335,18.504285714285714,24.36952380952381,13.535714285714286,80.49428571428572,26.16,7,64.39150222142538,,,,,,,,,117.11999999999995,279.03666666666663,312.46000000000004,11,spring,28.988263888888884,32.45506944444445,0.0,,,70.0,4,academic_proxy_uuw_2017_recovery_not_gazetted_trigger,2025-11-10,Features use only observations dated on or before week_start. Target is combined storage four weeks later. Rain climatology is past-only.
2025-11-17,,,,,,,,,,,0,,,43.13666666666667,17.399047619047618,24.445714285714285,11.992857142857144,80.74285714285715,44.01,7,19.250503768523533,,,,,,,,,151.66999999999993,278.1066666666667,355.1466666666667,11,spring,29.650612244897957,13.486054421768713,0.0,,,70.0,4,academic_proxy_uuw_2017_recovery_not_gazetted_trigger,2025-11-17,Features use only observations dated on or before week_start. Target is combined storage four weeks later. Rain climatology is past-only.
2025-11-24,,,,,,,,,,,0,,,44.48,18.57952380952381,24.57761904761905,13.821904761904761,79.04904761904761,45.9,7,62.2286380009773,,,,,,,,,167.57333333333327,271.58666666666664,393.89,11,spring,29.920333333333332,14.559666666666665,0.0,,,70.0,4,academic_proxy_uuw_2017_recovery_not_gazetted_trigger,2025-11-24,Features use only observations dated on or before week_start. Target is combined storage four weeks later. Rain climatology is past-only.
2025-12-01,,,,,,,,,,,0,,,33.193333333333335,18.454285714285714,25.407142857142855,13.178095238095237,79.65142857142858,48.47666666666667,7,15.538610855738321,,,,,,,,,182.2533333333333,275.84000000000003,411.4766666666667,12,summer,44.42423611111111,-11.230902777777771,0.0,,,70.0,4,academic_proxy_uuw_2017_recovery_not_gazetted_trigger,2025-12-01,Features use only observations dated on or before week_start. Target is combined storage four weeks later. Rain climatology is past-only.
2025-12-08,,,,,,,,,,,0,,,50.96666666666667,19.844761904761903,26.58761904761905,14.125238095238094,78.62619047619047,56.03,7,32.281034549077354,,,,,,,,,171.7766666666666,288.89666666666665,450.81333333333333,12,summer,44.19503401360544,6.771632653061232,0.0,101.55453865636399,0.0,70.0,4,academic_proxy_uuw_2017_recovery_not_gazetted_trigger,2025-12-08,Features use only observations dated on or before week_start. Target is combined storage four weeks later. Rain climatology is past-only.
2025-12-15,,,,,,,,,,,0,,,71.79666666666667,21.16,26.99238095238095,16.078095238095237,78.34285714285714,58.85333333333333,7,26.514093279838562,,,,,,,,,200.4366666666666,352.1066666666666,478.54333333333335,12,summer,44.33046666666666,27.466200000000008,0.0,101.01744678689037,0.0,70.0,4,academic_proxy_uuw_2017_recovery_not_gazetted_trigger,2025-12-15,Features use only observations dated on or before week_start. Target is combined storage four weeks later. Rain climatology is past-only.
2025-12-22,,,,,,,,,,,0,,,69.72333333333333,19.270000000000003,25.354761904761908,14.788095238095238,84.4752380952381,52.209999999999994,7,43.982821782430015,,,,,,,,,225.67999999999992,393.25333333333333,497.26666666666665,12,summer,44.86901960784313,24.8543137254902,0.0,100.42459145442416,0.0,70.0,4,academic_proxy_uuw_2017_recovery_not_gazetted_trigger,2025-12-22,Features use only observations dated on or before week_start. Target is combined storage four weeks later. Rain climatology is past-only.
2025-12-29,100.51886015371142,236.64150057386743,101.79127625372439,290.7566014911383,98.53282626236181,22.89902882337288,,,100.29940306355262,139.61676906446522,4,,,38.89,19.544285714285714,25.50142857142857,14.903809523809525,82.43714285714285,61.586666666666666,7,37.17610232035319,,,,,,,,,231.3766666666666,413.63,507.2166666666667,12,summer,45.34698717948717,-6.456987179487172,0.0,99.89531420446598,0.0,70.0,4,academic_proxy_uuw_2017_recovery_not_gazetted_trigger,2025-12-29,Features use only observations dated on or before week_start. Target is combined storage four weeks later. Rain climatology is past-only.
2026-01-05,100.56924174542436,236.760108917078,101.8012272850476,290.78502561701,99.08543402777777,23.02745486805555,102.58303862958147,243.5321337066264,101.3728616219008,141.1110233776859,5,935.2157464864558,101.55453865636399,24.326666666666668,20.68619047619048,26.815714285714286,15.482380952380952,79.0657142857143,61.74666666666667,7,17.196454564730328,,,,,,,,,204.7366666666666,376.5133333333333,493.6333333333334,1,summer,46.352517006802714,-22.025850340136046,0.0,99.45953951189932,0.0,70.0,4,academic_proxy_uuw_2017_recovery_not_gazetted_trigger,2026-01-05,Features use only observations dated on or before week_start. Target is combined storage four weeks later. Rain climatology is past-only.
2026-01-12,100.001999493999,235.42470720877242,100.78725765306125,287.88872276020413,100.75926574331613,23.416453358746665,102.38816825034232,243.06951142631266,100.91255223163614,140.4702727064375,5,930.2696674604734,101.01744678689037,34.10333333333333,21.19857142857143,26.942857142857143,16.223809523809525,80.00571428571428,54.019999999999996,7,0.0,101.55453865636399,,,,-0.5370918694736133,,,,167.04333333333327,367.48,519.15,1,summer,45.912,-11.808666666666667,0.0,,,70.0,4,academic_proxy_uuw_2017_recovery_not_gazetted_trigger,2026-01-12,Features use only observations dated on or before week_start. Target is combined storage four weeks later. Rain climatology is past-only.
2026-01-19,99.26541490345612,233.69063976571638,100.34179255903055,286.6162962656149,100.25239619539784,23.298656875810458,101.54587080751556,241.06989729704193,100.67138828994848,140.13457249960828,5,924.810062703792,100.42459145442416,29.176666666666666,19.58857142857143,26.45047619047619,14.314285714285715,79.94952380952381,58.4,7,11.474252700805664,101.01744678689037,,,,-0.5928553324662147,,,,126.49666666666661,352.1766666666667,519.75,1,summer,45.68045751633987,-16.503790849673205,0.0,100.40853770720676,0.0,70.0,4,academic_proxy_uuw_2017_recovery_not_gazetted_trigger,2026-01-19,Features use only observations dated on or before week_start. Target is combined storage four weeks later. Rain climatology is past-only.
2026-01-26,98.10056657808637,230.94835383813094,100.03144028868654,285.7298060406042,99.89600020832395,23.215830448414486,101.09376699892312,239.99660285544348,100.60729549305596,140.0453553263339,5,919.9359485089271,99.89531420446598,38.59666666666667,23.41190476190476,29.983809523809523,18.51904761904762,78.44285714285715,61.02,7,33.392717043558754,100.42459145442416,,,,-0.5292772499581844,,,,126.20333333333328,357.58,539.8333333333334,1,summer,45.363076923076925,-6.7664102564102535,0.0,101.00989553637943,0.0,70.0,4,academic_proxy_uuw_2017_recovery_not_gazetted_trigger,2026-01-26,Features use only observations dated on or before week_start. Target is combined storage four weeks later. Rain climatology is past-only.
2026-02-02,96.74893375789209,227.76633985282956,99.95331862226215,285.50665931262955,96.77035419137776,22.489430314076188,101.28740226246437,240.4562929710904,100.36219605923506,139.7041769144552,5,915.9228993650809,99.45953951189932,26.006666666666668,23.918095238095237,31.326666666666664,18.585714285714285,75.92333333333333,59.593333333333334,7,42.41312726338705,99.89531420446598,101.55453865636399,,,-0.43577469256665324,-2.0949991444646656,,,127.88333333333327,332.62,504.3966666666667,2,summer,40.24355555555556,-14.236888888888892,0.0,,,70.0,4,academic_proxy_uuw_2017_recovery_not_gazetted_trigger,2026-02-02,Features use only observations dated on or before week_start. Target is combined storage four weeks later. Rain climatology is past-only.
2026-02-09,98.16778404039312,231.10659718789344,,,99.85240349533808,23.205698572316567,101.09376699892312,239.99660285544348,101.69901200293059,141.56502470807936,4,,,66.42666666666666,20.97,26.301904761904762,16.72142857142857,81.50857142857141,52.62,7,49.91485865910848,99.45953951189932,101.01744678689037,,,,,,,160.20666666666662,327.25,527.6866666666667,2,summer,39.9340579710145,26.492608695652166,0.0,,,70.0,4,academic_proxy_uuw_2017_recovery_not_gazetted_trigger,2026-02-09,Features use only observations dated on or before week_start. Target is combined storage four weeks later. Rain climatology is past-only.
2026-02-16,99.49766546318384,234.23740403342737,100.09248554419099,285.90417570842715,100.38851981454788,23.330292004900926,101.35198852083472,240.60962074846162,100.99190463394403,140.58073125045007,5,924.662223745667,100.40853770720676,61.91333333333333,20.323809523809526,26.846666666666668,15.273809523809524,79.88666666666666,55.31666666666667,7,3.1467161973317466,,100.42459145442416,,,,-0.016053747217398495,,,192.94333333333327,319.43999999999994,545.12,2,summer,40.497730496453904,21.415602836879422,0.0,,,70.0,4,academic_proxy_uuw_2017_recovery_not_gazetted_trigger,2026-02-16,Features use only observations dated on or before week_start. Target is combined storage four weeks later. Rain climatology is past-only.
2026-02-23,100.35616021501463,236.25847237818743,100.74108130071394,287.7568246273593,100.51071753524617,23.358690755191212,102.0637959901763,242.29945168067854,100.95308085711318,140.52668855310154,5,930.2001279945181,101.00989553637943,39.72666666666667,21.211428571428574,27.448095238095238,16.444285714285716,80.8442857142857,62.58,7,29.954141980347533,100.40853770720676,99.89531420446598,,,0.6013578291726702,1.114581331913456,,,194.07333333333327,320.27666666666664,551.6533333333334,2,summer,40.94388888888889,-1.217222222222226,0.0,,,70.0,4,academic_proxy_uuw_2017_recovery_not_gazetted_trigger,2026-02-23,Features use only observations dated on or before week_start. Target is combined storage four weeks later. Rain climatology is past-only.
2026-03-02,,,100.46285520209277,286.9620995992578,,,101.67522859161095,241.3769926764844,,,2,,,22.68,19.163333333333334,25.336190476190474,13.702380952380953,78.33809523809524,49.25333333333334,7,47.34337043762207,101.00989553637943,99.45953951189932,101.55453865636399,,,,,,190.7466666666666,318.63,523.3666666666667,3,autumn,30.559551282051284,-7.879551282051285,0.0,,,70.0,4,academic_proxy_uuw_2017_recovery_not_gazetted_trigger,2026-03-02,Features use only observations dated on or before week_start. Target is combined storage four weeks later. Rain climatology is past-only.
2026-03-09,,,100.2775848769143,286.432893442418,,,101.41659536446669,240.7629973952439,,,2,,,5.3533333333333335,18.247619047619047,25.03952380952381,13.003809523809524,76.39619047619047,40.45666666666667,7,4.382311820983887,,,101.01744678689037,,,,,,129.67333333333326,289.88,456.9233333333334,3,autumn,30.410880503144657,-25.057547169811322,0.0,,,70.0,4,academic_proxy_uuw_2017_recovery_not_gazetted_trigger,2026-03-09,Features use only observations dated on or before week_start. Target is combined storage four weeks later. Rain climatology is past-only.
2026-03-16,,,100.09248554419099,285.90417570842715,,,101.22283658935562,240.30301406313026,,,2,,,45.07333333333334,20.899523809523807,27.53952380952381,15.801428571428572,77.67238095238096,40.63,7,26.431145032246906,,100.40853770720676,100.42459145442416,,,,,,112.83333333333329,305.77666666666664,432.27333333333337,3,autumn,29.946851851851854,15.126481481481484,0.0,,,70.0,4,academic_proxy_uuw_2017_recovery_not_gazetted_trigger,2026-03-16,Features use only observations dated on or before week_start. Target is combined storage four weeks later. Rain climatology is past-only.
2026-03-23,,,100.18501383649571,286.16847352256633,,,101.28740226246437,240.4562929710904,,,2,,,47.06,20.71761904761905,26.189047619047617,16.863809523809525,85.3,40.32,7,20.35662253697713,,101.00989553637943,99.89531420446598,,,,,,120.16666666666663,314.24,440.4433333333334,3,autumn,30.22187878787879,16.838121212121212,0.0,,,70.0,4,academic_proxy_uuw_2017_recovery_not_gazetted_trigger,2026-03-23,Features use only observations dated on or before week_start. Target is combined storage four weeks later. Rain climatology is past-only.
2026-03-30,,,100.74108130071394,287.7568246273593,,,102.51806125124016,243.3778774104441,,,2,,,23.773333333333333,19.94142857142857,26.087142857142858,15.455238095238096,82.53,40.60333333333333,7,0.0,,,99.45953951189932,101.55453865636399,,,,,121.25999999999995,312.00666666666666,439.89,3,autumn,30.522559523809523,-6.74922619047619,0.0,,,70.0,4,academic_proxy_uuw_2017_recovery_not_gazetted_trigger,2026-03-30,Features use only observations dated on or before week_start. Target is combined storage four weeks later. Rain climatology is past-only.
2026-04-06,,,100.64829651972644,287.4917941789466,,,102.38816825034232,243.06951142631266,,,2,,,7.62,18.834761904761905,25.06714285714286,14.123333333333333,79.26619047619047,36.690000000000005,7,20.884231567382812,,,,101.01744678689037,,,,,123.52666666666661,253.2,413.4066666666667,4,autumn,20.24666666666667,-12.626666666666669,0.0,,,70.0,4,academic_proxy_uuw_2017_recovery_not_gazetted_trigger,2026-04-06,Features use only observations dated on or before week_start. Target is combined storage four weeks later. Rain climatology is past-only.
2026-04-13,,,100.18501383649571,286.16847352256633,,,101.54587080751556,241.06989729704193,,,2,,,14.143333333333333,19.026666666666667,25.37857142857143,14.602380952380953,78.31285714285714,25.883333333333333,7,26.384102940559387,,,100.40853770720676,100.42459145442416,,,,,92.59666666666662,205.43,398.37333333333333,4,autumn,20.003846153846155,-5.860512820512822,0.0,,,70.0,4,academic_proxy_uuw_2017_recovery_not_gazetted_trigger,2026-04-13,Features use only observations dated on or before week_start. Target is combined storage four weeks later. Rain climatology is past-only.
2026-04-20,,,100.09248554419099,285.90417570842715,,,101.35198852083472,240.60962074846162,,,2,,,10.313333333333333,16.061904761904763,22.48809523809524,11.245714285714286,76.50380952380952,21.92,7,29.801270564397175,,,101.00989553637943,99.89531420446598,,,,,55.84999999999994,176.01666666666668,370.09,4,autumn,19.893270440251577,-9.579937106918244,0.0,,,70.0,4,academic_proxy_uuw_2017_recovery_not_gazetted_trigger,2026-04-20,Features use only observations dated on or before week_start. Target is combined storage four weeks later. Rain climatology is past-only.
2026-04-27,,,100.09248554419099,285.90417570842715,,,101.22283658935562,240.30301406313026,,,2,,,11.836666666666666,14.363809523809524,21.31047619047619,9.014761904761905,74.27047619047619,16.48,7,0.38687075840524204,,,,99.45953951189932,,,,,43.91333333333327,165.17333333333335,355.92,4,autumn,19.715864197530866,-7.8791975308642,0.0,,,70.0,4,academic_proxy_uuw_2017_recovery_not_gazetted_trigger,2026-04-27,Features use only observations dated on or before week_start. Target is combined storage four weeks later. Rain climatology is past-only.
2026-05-04,,,98.77806615906192,282.14966817674446,,,100.96477974953703,239.69038712540092,,,2,,,24.793333333333333,15.12142857142857,22.667142857142856,9.533333333333333,65.40333333333334,24.256666666666668,7,17.21431605021159,,,,,,,,,61.08666666666661,184.61333333333334,314.28666666666663,5,autumn,11.090817610062894,13.702515723270439,0.0,,,70.0,4,academic_proxy_uuw_2017_recovery_not_gazetted_trigger,2026-05-04,Features use only observations dated on or before week_start. Target is combined storage four weeks later. Rain climatology is past-only.
2026-05-11,,,97.80505870277855,279.37036967861667,,,100.77145326492028,239.23143005092075,,,2,,,4.906666666666667,14.422857142857142,21.65952380952381,9.171428571428573,71.46904761904761,15.6,7,15.463207483291626,,,,100.40853770720676,,,,,51.84999999999994,144.44666666666666,257.28000000000003,5,autumn,11.344567901234567,-6.4379012345679,1.0,,,70.0,4,academic_proxy_uuw_2017_recovery_not_gazetted_trigger,2026-05-11,Features use only observations dated on or before week_start. Target is combined storage four weeks later. Rain climatology is past-only.
2026-05-18,,,96.899736423205,276.78440711924276,,,100.77145326492028,239.23143005092075,,,2,,,4.84,14.187619047619048,21.194761904761908,9.308095238095238,72.0252380952381,11.976666666666667,7,0.0,,,,101.00989553637943,,,,,46.37666666666661,102.22666666666666,222.39333333333337,5,autumn,11.227515151515151,-6.387515151515151,2.0,,,70.0,4,academic_proxy_uuw_2017_recovery_not_gazetted_trigger,2026-05-18,Features use only observations dated on or before week_start. Target is combined storage four weeks later. Rain climatology is past-only.
2026-05-25,,,95.973862522921,274.1397409104715,,,100.8358748411976,239.38436687300307,,,2,,,0.2733333333333334,15.151428571428571,22.662857142857145,10.238095238095239,70.72047619047619,11.273333333333333,7,3.9220275939987914,,,,,,,,,34.81333333333328,78.72666666666666,199.9866666666667,5,autumn,11.113452380952383,-10.84011904761905,3.0,,,70.0,4,academic_proxy_uuw_2017_recovery_not_gazetted_trigger,2026-05-25,Features use only observations dated on or before week_start. Target is combined storage four weeks later. Rain climatology is past-only.
2026-06-01,,,95.80424410422168,273.6552428592988,,,100.90031700273651,239.5373525644965,,,2,,,5.533333333333333,12.716666666666667,19.903809523809525,7.880952380952381,71.20285714285714,7.236666666666666,7,6.649470952649911,,,,,,,,,15.553333333333278,76.63999999999999,200.1666666666667,6,winter,2.770320512820512,2.763012820512821,0.0,,,70.0,4,academic_proxy_uuw_2017_recovery_not_gazetted_trigger,2026-06-01,Features use only observations dated on or before week_start. Target is combined storage four weeks later. Rain climatology is past-only.
2026-06-08,,,,,,,100.77145326492028,239.23143005092075,,,1,,,0.5466666666666666,13.535238095238096,21.61095238095238,7.941428571428572,65.13952380952381,7.923333333333334,7,4.582813262939453,,,,,,,,,11.193333333333277,63.04333333333333,155.64000000000001,6,winter,2.822452830188679,-2.275786163522012,1.0,,,70.0,4,academic_proxy_uuw_2017_recovery_not_gazetted_trigger,2026-06-08,Features use only observations dated on or before week_start. Target is combined storage four weeks later. Rain climatology is past-only.
2026-06-15,,,,,,,100.64267186815061,238.92570301498955,,,1,,,2.0833333333333335,12.753333333333334,19.746666666666666,8.313809523809525,77.49047619047619,5.42,7,1.426941951115926,,,,,,,,,8.43666666666661,54.81333333333333,110.66333333333336,6,winter,2.780308641975308,-0.6969753086419743,2.0,,,70.0,4,academic_proxy_uuw_2017_recovery_not_gazetted_trigger,2026-06-15,Features use only observations dated on or before week_start. Target is combined storage four weeks later. Rain climatology is past-only.
2026-06-22,,,,,,,100.19258541519807,237.85719777568022,,,1,,,0.85,14.496190476190476,22.672380952380955,9.156666666666666,60.471428571428575,6.95,7,0.0,,,,,,,,,9.013333333333277,43.82666666666666,87.74000000000002,6,winter,2.7676363636363632,-1.9176363636363631,3.0,,,70.0,4,academic_proxy_uuw_2017_recovery_not_gazetted_trigger,2026-06-22,Features use only observations dated on or before week_start. Target is combined storage four weeks later. Rain climatology is past-only.
2026-06-29,,,,,,,98.91218214168855,234.81752040436862,,,1,,,0.45666666666666667,12.237142857142857,20.73952380952381,6.3028571428571425,62.08333333333333,5.206666666666667,7,2.08854873975118,,,,,,,,,3.9366666666666097,19.490000000000002,80.57666666666668,6,winter,2.733392857142857,-2.2767261904761904,4.0,,,70.0,4,academic_proxy_uuw_2017_recovery_not_gazetted_trigger,2026-06-29,Features use only observations dated on or before week_start. Target is combined storage four weeks later. Rain climatology is past-only.
2026-07-06,,,,,,,,,,,0,,,7.576666666666666,13.223809523809523,20.51666666666667,8.381428571428572,64.54238095238095,3.8766666666666665,7,9.569090843200684,,,,,,,,,10.966666666666608,22.16,74.01000000000002,7,winter,5.362830188679245,2.213836477987421,0.0,,,70.0,4,academic_proxy_uuw_2017_recovery_not_gazetted_trigger,2026-07-06,Features use only observations dated on or before week_start. Target is combined storage four weeks later. Rain climatology is past-only.
2026-07-13,,,,,,,,,,,0,,,0.5733333333333334,13.426190476190476,22.04952380952381,7.6380952380952385,56.96619047619048,5.783333333333333,7,0.0,,,,,,,,,9.45666666666661,17.893333333333334,64.27000000000002,7,winter,5.403827160493827,-4.830493827160494,1.0,,,70.0,4,academic_proxy_uuw_2017_recovery_not_gazetted_trigger,2026-07-13,Features use only observations dated on or before week_start. Target is combined storage four weeks later. Rain climatology is past-only.
2026-07-20,,,,,,,,,,,0,,,0.17,12.54761904761905,20.851428571428574,6.739047619047619,59.404761904761905,4.503333333333333,7,0.0,,,,,,,,,8.776666666666609,17.79,52.60333333333337,7,winter,5.316,-5.146,2.0,,,70.0,4,academic_proxy_uuw_2017_recovery_not_gazetted_trigger,2026-07-20,Features use only observations dated on or before week_start. Target is combined storage four weeks later. Rain climatology is past-only.
2026-07-27,,,,,,,,,,,0,,,19.163333333333334,10.54857142857143,17.00190476190476,6.086666666666667,75.62333333333333,3.9833333333333334,7,2.9289658466974893,,,,,,,,,27.483333333333277,31.419999999999998,46.97333333333336,7,winter,5.224107142857143,13.939226190476191,0.0,,,70.0,4,academic_proxy_uuw_2017_recovery_not_gazetted_trigger,2026-07-27,Features use only observations dated on or before week_start. Target is combined storage four weeks later. Rain climatology is past-only.
2026-08-03,,,,,,,,,,,0,,,3.7266666666666666,15.351904761904763,23.769523809523808,9.343809523809524,55.881904761904764,14.846666666666668,7,,,,,,,,,,23.633333333333276,34.599999999999994,45.793333333333365,8,winter,5.767861635220125,-2.0411949685534587,1.0,,,70.0,4,academic_proxy_uuw_2017_recovery_not_gazetted_trigger,2026-08-03,Features use only observations dated on or before week_start. Target is combined storage four weeks later. Rain climatology is past-only.
2026-08-10,,,,,,,,,,,0,,,26.816666666666666,10.375238095238094,15.705714285714285,6.272857142857143,76.36380952380952,6.926666666666666,7,,,,,,,,,,49.87666666666661,59.333333333333336,67.77000000000002,8,winter,5.730061728395062,21.086604938271606,0.0,,,70.0,4,academic_proxy_uuw_2017_recovery_not_gazetted_trigger,2026-08-10,Features use only observations dated on or before week_start. Target is combined storage four weeks later. Rain climatology is past-only.
2026-08-17,,,,,,,,,,,0,,,1.87,16.988095238095237,25.028095238095236,11.501428571428573,61.27285714285714,16.933333333333334,7,,,,,,,,,,51.576666666666604,60.35333333333333,69.3666666666667,8,winter,6.1134545454545455,-4.243454545454545,1.0,,,70.0,4,academic_proxy_uuw_2017_recovery_not_gazetted_trigger,2026-08-17,Features use only observations dated on or before week_start. Target is combined storage four weeks later. Rain climatology is past-only.
2026-08-24,,,,,,,,,,,0,,,6.59,16.87952380952381,24.807142857142857,11.698095238095238,63.90428571428571,16.443333333333335,7,,,,,,,,,,39.00333333333327,66.48666666666666,70.42333333333336,8,winter,6.037678571428572,0.5523214285714282,0.0,,,70.0,4,academic_proxy_uuw_2017_recovery_not_gazetted_trigger,2026-08-24,Features use only observations dated on or before week_start. Target is combined storage four weeks later. Rain climatology is past-only.
2026-08-31,,,,,,,,,,,0,,,0.0,,,,,0.0,2,,,,,,,,,,35.276666666666614,58.91,69.8766666666667,8,winter,6.0473684210526315,-6.0473684210526315,1.0,,,70.0,4,academic_proxy_uuw_2017_recovery_not_gazetted_trigger,2026-08-31,Features use only observations dated on or before week_start. Target is combined storage four weeks later. Rain climatology is past-only.
